2025-09-21 18:30:29,586 - __main__ - INFO - === BOT SERVICE STARTED ===
2025-09-21 18:30:29,646 - bot_service.main - INFO - === BOT SERVICE STARTED ===
2025-09-21 18:30:29,663 - bot_service.main - INFO - --- Bot service starting up ---
2025-09-21 18:30:29,665 - bot_service.database - INFO - ✅ База данных успешно инициализирована.
2025-09-21 18:30:29,673 - bot_service.main - INFO - Caches refreshed: 0 whitelisted channels, 5 blocked bots.
2025-09-21 18:30:29,673 - bot_service.main - INFO - Background cache updater started.
2025-09-21 18:30:29,673 - bot_service.main - INFO - Stream stats collector task started.
2025-09-21 18:30:29,673 - bot_service.main - INFO - Validating Twitch bot token...
2025-09-21 18:30:30,432 - bot_service.main - INFO - ✅ Token is valid for bot user 'payedviewer'.
2025-09-21 18:30:30,432 - bot_service.main - INFO - 🔑 Token Scopes: ['channel:manage:broadcast', 'channel:moderate', 'channel:read:redemptions', 'channel:read:subscriptions', 'chat:edit', 'chat:read', 'whispers:edit', 'whispers:read']
2025-09-21 18:30:30,432 - bot_service.main - INFO - ✅ Token has all required scopes.
2025-09-21 18:30:30,432 - bot_service.main - INFO - Twitch bot task started.
2025-09-21 18:30:32,187 - twitchio.websocket - INFO - Successfully logged onto Twitch WS: payedviewer
2025-09-21 18:30:32,187 - bot_service.main - INFO - Twitch bot logged in as | payedviewer
2025-09-21 18:30:59,708 - bot_service.main - INFO - Collecting stream stats...
2025-09-21 18:30:59,708 - bot_service.main - INFO - No authenticated users to check for stats.
2025-09-21 18:31:29,710 - bot_service.main - INFO - Caches refreshed: 0 whitelisted channels, 5 blocked bots.
2025-09-21 18:31:29,710 - bot_service.main - INFO - Collecting stream stats...
2025-09-21 18:31:29,712 - bot_service.main - INFO - No authenticated users to check for stats.
2025-09-21 18:31:59,724 - bot_service.main - INFO - Collecting stream stats...
2025-09-21 18:31:59,724 - bot_service.main - INFO - No authenticated users to check for stats.
2025-09-21 18:32:29,716 - bot_service.main - INFO - Caches refreshed: 0 whitelisted channels, 5 blocked bots.
2025-09-21 18:32:29,717 - bot_service.main - INFO - Collecting stream stats...
2025-09-21 18:32:29,717 - bot_service.main - INFO - No authenticated users to check for stats.
2025-09-21 18:32:59,738 - bot_service.main - INFO - Collecting stream stats...
2025-09-21 18:32:59,739 - bot_service.main - INFO - No authenticated users to check for stats.
2025-09-21 18:33:29,720 - bot_service.main - INFO - Caches refreshed: 0 whitelisted channels, 5 blocked bots.
2025-09-21 18:33:29,738 - bot_service.main - INFO - Collecting stream stats...
2025-09-21 18:33:29,739 - bot_service.main - INFO - No authenticated users to check for stats.
2025-09-21 18:33:59,749 - bot_service.main - INFO - Collecting stream stats...
2025-09-21 18:33:59,750 - bot_service.main - INFO - No authenticated users to check for stats.
2025-09-21 18:34:29,713 - bot_service.main - INFO - Caches refreshed: 0 whitelisted channels, 5 blocked bots.
2025-09-21 18:34:29,773 - bot_service.main - INFO - Collecting stream stats...
2025-09-21 18:34:29,773 - bot_service.main - INFO - No authenticated users to check for stats.
2025-09-21 18:34:59,775 - bot_service.main - INFO - Collecting stream stats...
2025-09-21 18:34:59,775 - bot_service.main - INFO - No authenticated users to check for stats.
2025-09-21 18:35:29,717 - bot_service.main - INFO - Caches refreshed: 0 whitelisted channels, 5 blocked bots.
2025-09-21 18:35:29,776 - bot_service.main - INFO - Collecting stream stats...
2025-09-21 18:35:29,777 - bot_service.main - INFO - No authenticated users to check for stats.
2025-09-21 18:35:59,801 - bot_service.main - INFO - Collecting stream stats...
2025-09-21 18:35:59,802 - bot_service.main - INFO - No authenticated users to check for stats.
2025-09-21 18:36:14,519 - bot_service.main - INFO - === ACTIVE CHANNELS REQUEST START ===
2025-09-21 18:36:14,519 - bot_service.main - INFO - Current user ID from session: None
2025-09-21 18:36:14,519 - bot_service.main - INFO - No active session, returning empty list
2025-09-21 18:36:14,827 - bot_service.main - WARNING - WebSocket connection attempt for unknown user_id: guest
2025-09-21 18:36:20,143 - bot_service.main - WARNING - WebSocket connection attempt for unknown user_id: guest
2025-09-21 18:36:25,457 - bot_service.main - WARNING - WebSocket connection attempt for unknown user_id: guest
2025-09-21 18:36:29,727 - bot_service.main - INFO - Caches refreshed: 0 whitelisted channels, 5 blocked bots.
2025-09-21 18:36:29,816 - bot_service.main - INFO - Collecting stream stats...
2025-09-21 18:36:29,816 - bot_service.main - INFO - No authenticated users to check for stats.
2025-09-21 18:36:30,773 - bot_service.main - WARNING - WebSocket connection attempt for unknown user_id: guest
2025-09-21 18:36:36,093 - bot_service.main - WARNING - WebSocket connection attempt for unknown user_id: guest
2025-09-21 18:36:41,600 - bot_service.main - WARNING - WebSocket connection attempt for unknown user_id: guest
2025-09-21 18:36:45,281 - bot_service.main - INFO - === ACTIVE CHANNELS REQUEST START ===
2025-09-21 18:36:45,281 - bot_service.main - INFO - Current user ID from session: None
2025-09-21 18:36:45,281 - bot_service.main - INFO - No active session, returning empty list
2025-09-21 18:36:47,588 - bot_service.main - WARNING - WebSocket connection attempt for unknown user_id: guest
2025-09-21 18:36:53,590 - bot_service.main - WARNING - WebSocket connection attempt for unknown user_id: guest
2025-09-21 18:36:59,613 - bot_service.main - WARNING - WebSocket connection attempt for unknown user_id: guest
2025-09-21 18:36:59,811 - bot_service.main - INFO - Collecting stream stats...
2025-09-21 18:36:59,812 - bot_service.main - INFO - No authenticated users to check for stats.
2025-09-21 18:37:05,579 - bot_service.main - WARNING - WebSocket connection attempt for unknown user_id: guest
2025-09-21 18:37:10,900 - bot_service.main - WARNING - WebSocket connection attempt for unknown user_id: guest
2025-09-21 18:37:29,727 - bot_service.main - INFO - Caches refreshed: 0 whitelisted channels, 5 blocked bots.
2025-09-21 18:37:29,792 - bot_service.main - INFO - Collecting stream stats...
2025-09-21 18:37:29,793 - bot_service.main - INFO - No authenticated users to check for stats.
2025-09-21 18:37:50,872 - bot_service.main - INFO - === ACTIVE CHANNELS REQUEST START ===
2025-09-21 18:37:50,872 - bot_service.main - INFO - Current user ID from session: None
2025-09-21 18:37:50,872 - bot_service.main - INFO - No active session, returning empty list
2025-09-21 18:37:51,179 - bot_service.main - WARNING - WebSocket connection attempt for unknown user_id: guest
2025-09-21 18:37:56,508 - bot_service.main - WARNING - WebSocket connection attempt for unknown user_id: guest
2025-09-21 18:37:59,820 - bot_service.main - INFO - Collecting stream stats...
2025-09-21 18:37:59,820 - bot_service.main - INFO - No authenticated users to check for stats.
2025-09-21 18:38:02,589 - bot_service.main - WARNING - WebSocket connection attempt for unknown user_id: guest
2025-09-21 18:38:08,594 - bot_service.main - WARNING - WebSocket connection attempt for unknown user_id: guest
2025-09-21 18:38:14,593 - bot_service.main - WARNING - WebSocket connection attempt for unknown user_id: guest
2025-09-21 18:38:20,595 - bot_service.main - WARNING - WebSocket connection attempt for unknown user_id: guest
2025-09-21 18:38:21,282 - bot_service.main - INFO - === ACTIVE CHANNELS REQUEST START ===
2025-09-21 18:38:21,282 - bot_service.main - INFO - Current user ID from session: None
2025-09-21 18:38:21,282 - bot_service.main - INFO - No active session, returning empty list
2025-09-21 18:38:26,591 - bot_service.main - WARNING - WebSocket connection attempt for unknown user_id: guest
2025-09-21 18:38:28,467 - bot_service.main - INFO - --- Bot service shutting down ---
2025-09-21 18:38:28,467 - bot_service.main - INFO - Stopping Twitch bot task...
2025-09-21 18:38:28,467 - bot_service.main - INFO - Twitch bot task stopped.
2025-09-21 18:39:12,620 - __main__ - INFO - === BOT SERVICE STARTED ===
2025-09-21 18:39:12,675 - bot_service.main - INFO - === BOT SERVICE STARTED ===
2025-09-21 18:39:12,692 - bot_service.main - INFO - --- Bot service starting up ---
2025-09-21 18:39:12,694 - bot_service.database - INFO - ✅ База данных успешно инициализирована.
2025-09-21 18:39:12,705 - bot_service.main - INFO - Caches refreshed: 0 whitelisted channels, 5 blocked bots.
2025-09-21 18:39:12,705 - bot_service.main - INFO - Background cache updater started.
2025-09-21 18:39:12,705 - bot_service.main - INFO - Stream stats collector task started.
2025-09-21 18:39:12,705 - bot_service.main - INFO - Validating Twitch bot token...
2025-09-21 18:39:13,488 - bot_service.main - INFO - ✅ Token is valid for bot user 'payedviewer'.
2025-09-21 18:39:13,491 - bot_service.main - INFO - 🔑 Token Scopes: ['channel:manage:broadcast', 'channel:moderate', 'channel:read:redemptions', 'channel:read:subscriptions', 'chat:edit', 'chat:read', 'whispers:edit', 'whispers:read']
2025-09-21 18:39:13,491 - bot_service.main - INFO - ✅ Token has all required scopes.
2025-09-21 18:39:13,491 - bot_service.main - INFO - Twitch bot task started.
2025-09-21 18:39:13,618 - bot_service.main - WARNING - WebSocket connection attempt for unknown user_id: guest
2025-09-21 18:39:15,254 - twitchio.websocket - INFO - Successfully logged onto Twitch WS: payedviewer
2025-09-21 18:39:15,258 - bot_service.main - INFO - Twitch bot logged in as | payedviewer
2025-09-21 18:39:42,716 - bot_service.main - INFO - Collecting stream stats...
2025-09-21 18:39:42,718 - bot_service.main - INFO - No authenticated users to check for stats.
2025-09-21 18:39:52,482 - bot_service.main - INFO - === ACTIVE CHANNELS REQUEST START ===
2025-09-21 18:39:52,482 - bot_service.main - INFO - Current user ID from session: None
2025-09-21 18:39:52,482 - bot_service.main - INFO - No active session, returning empty list
2025-09-21 18:40:12,729 - bot_service.main - INFO - Caches refreshed: 0 whitelisted channels, 5 blocked bots.
2025-09-21 18:40:12,729 - bot_service.main - INFO - Collecting stream stats...
2025-09-21 18:40:12,729 - bot_service.main - INFO - No authenticated users to check for stats.
2025-09-21 18:40:23,280 - bot_service.main - INFO - === ACTIVE CHANNELS REQUEST START ===
2025-09-21 18:40:23,280 - bot_service.main - INFO - Current user ID from session: None
2025-09-21 18:40:23,280 - bot_service.main - INFO - No active session, returning empty list
2025-09-21 18:40:42,756 - bot_service.main - INFO - Collecting stream stats...
2025-09-21 18:40:42,756 - bot_service.main - INFO - No authenticated users to check for stats.
2025-09-21 18:40:53,593 - bot_service.main - INFO - === ACTIVE CHANNELS REQUEST START ===
2025-09-21 18:40:53,594 - bot_service.main - INFO - Current user ID from session: None
2025-09-21 18:40:53,594 - bot_service.main - INFO - No active session, returning empty list
2025-09-21 18:41:02,262 - bot_service.main - INFO - --- Bot service shutting down ---
2025-09-21 18:41:02,262 - bot_service.main - INFO - Stopping Twitch bot task...
2025-09-21 18:41:02,264 - bot_service.main - INFO - Twitch bot task stopped.
2025-09-21 18:43:13,045 - __main__ - INFO - === BOT SERVICE STARTED ===
2025-09-21 18:43:13,090 - bot_service.main - INFO - === BOT SERVICE STARTED ===
2025-09-21 18:43:13,105 - bot_service.main - INFO - --- Bot service starting up ---
2025-09-21 18:43:13,106 - bot_service.database - INFO - ✅ База данных успешно инициализирована.
2025-09-21 18:43:13,115 - bot_service.main - INFO - Caches refreshed: 0 whitelisted channels, 5 blocked bots.
2025-09-21 18:43:13,116 - bot_service.main - INFO - Background cache updater started.
2025-09-21 18:43:13,116 - bot_service.main - INFO - Stream stats collector task started.
2025-09-21 18:43:13,116 - bot_service.main - INFO - Validating Twitch bot token...
2025-09-21 18:43:13,896 - bot_service.main - INFO - ✅ Token is valid for bot user 'payedviewer'.
2025-09-21 18:43:13,896 - bot_service.main - INFO - 🔑 Token Scopes: ['channel:manage:broadcast', 'channel:moderate', 'channel:read:redemptions', 'channel:read:subscriptions', 'chat:edit', 'chat:read', 'whispers:edit', 'whispers:read']
2025-09-21 18:43:13,896 - bot_service.main - INFO - ✅ Token has all required scopes.
2025-09-21 18:43:13,896 - bot_service.main - INFO - Twitch bot task started.
2025-09-21 18:43:15,649 - twitchio.websocket - INFO - Successfully logged onto Twitch WS: payedviewer
2025-09-21 18:43:15,649 - bot_service.main - INFO - Twitch bot logged in as | payedviewer
2025-09-21 18:43:43,143 - bot_service.main - INFO - Collecting stream stats...
2025-09-21 18:43:43,143 - bot_service.main - INFO - No authenticated users to check for stats.
2025-09-21 18:43:49,285 - bot_service.main - INFO - === ACTIVE CHANNELS REQUEST START ===
2025-09-21 18:43:49,285 - bot_service.main - INFO - Current user ID from session: None
2025-09-21 18:43:49,285 - bot_service.main - INFO - No active session, returning empty list
2025-09-21 18:44:13,140 - bot_service.main - INFO - Caches refreshed: 0 whitelisted channels, 5 blocked bots.
2025-09-21 18:44:13,141 - bot_service.main - INFO - Collecting stream stats...
2025-09-21 18:44:13,141 - bot_service.main - INFO - No authenticated users to check for stats.
2025-09-21 18:44:43,153 - bot_service.main - INFO - Collecting stream stats...
2025-09-21 18:44:43,154 - bot_service.main - INFO - No authenticated users to check for stats.
2025-09-21 18:44:49,591 - bot_service.main - INFO - === ACTIVE CHANNELS REQUEST START ===
2025-09-21 18:44:49,591 - bot_service.main - INFO - Current user ID from session: None
2025-09-21 18:44:49,591 - bot_service.main - INFO - No active session, returning empty list
2025-09-21 18:45:13,153 - bot_service.main - INFO - Caches refreshed: 0 whitelisted channels, 5 blocked bots.
2025-09-21 18:45:13,153 - bot_service.main - INFO - Collecting stream stats...
2025-09-21 18:45:13,153 - bot_service.main - INFO - No authenticated users to check for stats.
2025-09-21 18:45:43,176 - bot_service.main - INFO - Collecting stream stats...
2025-09-21 18:45:43,176 - bot_service.main - INFO - No authenticated users to check for stats.
2025-09-21 18:45:49,583 - bot_service.main - INFO - === ACTIVE CHANNELS REQUEST START ===
2025-09-21 18:45:49,583 - bot_service.main - INFO - Current user ID from session: None
2025-09-21 18:45:49,583 - bot_service.main - INFO - No active session, returning empty list
2025-09-21 18:46:05,062 - bot_service.main - INFO - --- Bot service shutting down ---
2025-09-21 18:46:05,062 - bot_service.main - INFO - Stopping Twitch bot task...
2025-09-21 18:46:05,062 - bot_service.main - INFO - Twitch bot task stopped.
2025-09-21 19:07:31,141 - bot_service.main - INFO - === BOT SERVICE STARTED ===
2025-09-21 19:21:06,100 - bot_service.main - INFO - === BOT SERVICE STARTED ===
2025-09-21 19:41:23 - bot_service - INFO - === BOT SERVICE STARTED ===
2025-09-21 19:41:23 - bot_service - INFO - ==================================================
2025-09-21 19:41:23 - bot_service - INFO - СИСТЕМА ЗАПУЩЕНА - 2025-09-21 19:41:23
2025-09-21 19:41:23 - bot_service - INFO - ==================================================
2025-09-21 19:41:23 - bot_service - INFO - Python версия: 3.10.0 (tags/v3.10.0:b494f59, Oct  4 2021, 19:00:18) [MSC v.1929 64 bit (AMD64)]
2025-09-21 19:41:23 - bot_service - INFO - Платформа: Windows-10-10.0.26100-SP0
2025-09-21 19:41:23 - bot_service - INFO - Архитектура: ('64bit', 'WindowsPE')
2025-09-21 19:41:23 - bot_service - INFO - Процессор: AMD64 Family 25 Model 33 Stepping 2, AuthenticAMD
2025-09-21 19:41:23 - bot_service - INFO - Рабочая директория: H:\Programming\raw_code\AI\Python\TTS_TTV_0.02\bot_service
2025-09-21 19:41:23 - bot_service - INFO - ==================================================
2025-09-21 19:41:23 - bot_service - INFO - 🚀 BOT_SERVICE ЗАПУЩЕН
2025-09-21 19:41:23 - bot_service - INFO - 🌐 Порт: 8000
2025-09-21 19:41:23 - bot_service - INFO - 📁 Логи: logs/bot_service.log
2025-09-21 19:41:23 - bot_service - INFO - ⏰ Время: 2025-09-21 19:41:23
2025-09-21 19:41:23 - bot_service.database - INFO - ✅ База данных успешно инициализирована.
2025-09-21 19:46:48 - bot_service - INFO - 🛑 BOT_SERVICE ОСТАНОВЛЕН
2025-09-21 19:46:48 - bot_service - INFO - ⏰ Время: 2025-09-21 19:46:48
2025-09-21 19:51:25 - bot_service - INFO - === BOT SERVICE STARTED ===
2025-09-21 19:51:25 - bot_service - INFO - ==================================================
2025-09-21 19:51:25 - bot_service - INFO - СИСТЕМА ЗАПУЩЕНА - 2025-09-21 19:51:25
2025-09-21 19:51:25 - bot_service - INFO - ==================================================
2025-09-21 19:51:25 - bot_service - INFO - Python версия: 3.10.0 (tags/v3.10.0:b494f59, Oct  4 2021, 19:00:18) [MSC v.1929 64 bit (AMD64)]
2025-09-21 19:51:25 - bot_service - INFO - Платформа: Windows-10-10.0.26100-SP0
2025-09-21 19:51:25 - bot_service - INFO - Архитектура: ('64bit', 'WindowsPE')
2025-09-21 19:51:25 - bot_service - INFO - Процессор: AMD64 Family 25 Model 33 Stepping 2, AuthenticAMD
2025-09-21 19:51:25 - bot_service - INFO - Рабочая директория: H:\Programming\raw_code\AI\Python\TTS_TTV_0.02\bot_service
2025-09-21 19:51:25 - bot_service - INFO - ==================================================
2025-09-21 19:51:25 - bot_service - INFO - 🚀 BOT_SERVICE ЗАПУЩЕН
2025-09-21 19:51:25 - bot_service - INFO - 🌐 Порт: 8000
2025-09-21 19:51:25 - bot_service - INFO - 📁 Логи: logs/bot_service.log
2025-09-21 19:51:25 - bot_service - INFO - ⏰ Время: 2025-09-21 19:51:25
2025-09-21 19:51:25 - bot_service.database - INFO - ✅ База данных успешно инициализирована.
2025-09-21 19:51:30 - bot_service - INFO - 🛑 BOT_SERVICE ОСТАНОВЛЕН
2025-09-21 19:51:30 - bot_service - INFO - ⏰ Время: 2025-09-21 19:51:30
2025-09-21 19:51:38 - bot_service - INFO - === BOT SERVICE STARTED ===
2025-09-21 19:51:38 - bot_service - INFO - ==================================================
2025-09-21 19:51:38 - bot_service - INFO - СИСТЕМА ЗАПУЩЕНА - 2025-09-21 19:51:38
2025-09-21 19:51:38 - bot_service - INFO - ==================================================
2025-09-21 19:51:38 - bot_service - INFO - Python версия: 3.10.0 (tags/v3.10.0:b494f59, Oct  4 2021, 19:00:18) [MSC v.1929 64 bit (AMD64)]
2025-09-21 19:51:38 - bot_service - INFO - Платформа: Windows-10-10.0.26100-SP0
2025-09-21 19:51:38 - bot_service - INFO - Архитектура: ('64bit', 'WindowsPE')
2025-09-21 19:51:38 - bot_service - INFO - Процессор: AMD64 Family 25 Model 33 Stepping 2, AuthenticAMD
2025-09-21 19:51:38 - bot_service - INFO - Рабочая директория: H:\Programming\raw_code\AI\Python\TTS_TTV_0.02\bot_service
2025-09-21 19:51:38 - bot_service - INFO - ==================================================
2025-09-21 19:51:38 - bot_service - INFO - 🚀 BOT_SERVICE ЗАПУЩЕН
2025-09-21 19:51:38 - bot_service - INFO - 🌐 Порт: 8000
2025-09-21 19:51:38 - bot_service - INFO - 📁 Логи: logs/bot_service.log
2025-09-21 19:51:38 - bot_service - INFO - ⏰ Время: 2025-09-21 19:51:38
2025-09-21 19:51:38 - bot_service.database - INFO - ✅ База данных успешно инициализирована.
2025-09-21 19:54:06 - bot_service - INFO - 🛑 BOT_SERVICE ОСТАНОВЛЕН
2025-09-21 19:54:06 - bot_service - INFO - ⏰ Время: 2025-09-21 19:54:06
2025-09-21 19:56:17 - bot_service - INFO - === BOT SERVICE STARTED ===
2025-09-21 19:56:17 - bot_service - INFO - ==================================================
2025-09-21 19:56:17 - bot_service - INFO - СИСТЕМА ЗАПУЩЕНА - 2025-09-21 19:56:17
2025-09-21 19:56:17 - bot_service - INFO - ==================================================
2025-09-21 19:56:17 - bot_service - INFO - Python версия: 3.10.0 (tags/v3.10.0:b494f59, Oct  4 2021, 19:00:18) [MSC v.1929 64 bit (AMD64)]
2025-09-21 19:56:17 - bot_service - INFO - Платформа: Windows-10-10.0.26100-SP0
2025-09-21 19:56:17 - bot_service - INFO - Архитектура: ('64bit', 'WindowsPE')
2025-09-21 19:56:17 - bot_service - INFO - Процессор: AMD64 Family 25 Model 33 Stepping 2, AuthenticAMD
2025-09-21 19:56:17 - bot_service - INFO - Рабочая директория: H:\Programming\raw_code\AI\Python\TTS_TTV_0.02\bot_service
2025-09-21 19:56:17 - bot_service - INFO - ==================================================
2025-09-21 19:56:17 - bot_service - INFO - 🚀 BOT_SERVICE ЗАПУЩЕН
2025-09-21 19:56:17 - bot_service - INFO - 🌐 Порт: 8000
2025-09-21 19:56:17 - bot_service - INFO - 📁 Логи: logs/bot_service.log
2025-09-21 19:56:17 - bot_service - INFO - ⏰ Время: 2025-09-21 19:56:17
2025-09-21 19:56:17 - bot_service.database - INFO - ✅ База данных успешно инициализирована.
2025-09-21 19:56:29 - bot_service.bot - INFO - Bot logged in as payedviewer
2025-09-21 19:56:29 - bot_service.bot - INFO - Bot user id: 1317705797
2025-09-21 19:56:29 - bot_service.bot - INFO - Connected to channels: []
2025-09-21 19:56:29 - bot_service.bot - INFO - Joined channel: yourchy
2025-09-21 19:56:30 - bot_service.bot - INFO - Joined channel: yourchy
2025-09-21 19:57:01 - bot_service.bot - INFO - Joined channel: yourchy
2025-09-21 19:57:01 - bot_service.bot - INFO - Joined channel: yourchy
2025-09-21 19:57:22 - bot_service.bot - INFO - Joined channel: yourchy
2025-09-21 19:57:22 - bot_service.bot - INFO - Joined channel: yourchy
2025-09-21 20:07:51 - bot_service.bot - INFO - Joined channel: yourchy
2025-09-21 20:07:52 - bot_service.bot - INFO - Joined channel: yourchy
2025-09-21 20:11:05 - bot_service.bot - INFO - Joined channel: yourchy
2025-09-21 20:11:05 - bot_service.bot - INFO - Joined channel: yourchy
2025-09-21 20:13:33 - bot_service.bot - INFO - Joined channel: yourchy
2025-09-21 20:13:33 - bot_service.bot - INFO - Joined channel: yourchy
2025-09-21 20:20:13 - bot_service.bot - INFO - Joined channel: yourchy
2025-09-21 20:20:13 - bot_service.bot - INFO - Joined channel: yourchy
2025-09-21 20:54:38 - bot_service - INFO - 🛑 BOT_SERVICE ОСТАНОВЛЕН
2025-09-21 20:54:38 - bot_service - INFO - ⏰ Время: 2025-09-21 20:54:38
2025-09-21 20:55:18 - bot_service - INFO - === BOT SERVICE STARTED ===
2025-09-21 20:55:18 - bot_service - INFO - ==================================================
2025-09-21 20:55:18 - bot_service - INFO - СИСТЕМА ЗАПУЩЕНА - 2025-09-21 20:55:18
2025-09-21 20:55:18 - bot_service - INFO - ==================================================
2025-09-21 20:55:18 - bot_service - INFO - Python версия: 3.10.0 (tags/v3.10.0:b494f59, Oct  4 2021, 19:00:18) [MSC v.1929 64 bit (AMD64)]
2025-09-21 20:55:18 - bot_service - INFO - Платформа: Windows-10-10.0.26100-SP0
2025-09-21 20:55:18 - bot_service - INFO - Архитектура: ('64bit', 'WindowsPE')
2025-09-21 20:55:18 - bot_service - INFO - Процессор: AMD64 Family 25 Model 33 Stepping 2, AuthenticAMD
2025-09-21 20:55:18 - bot_service - INFO - Рабочая директория: H:\Programming\raw_code\AI\Python\TTS_TTV_0.02\bot_service
2025-09-21 20:55:18 - bot_service - INFO - ==================================================
2025-09-21 20:55:18 - bot_service - INFO - 🚀 BOT_SERVICE ЗАПУЩЕН
2025-09-21 20:55:18 - bot_service - INFO - 🌐 Порт: 8000
2025-09-21 20:55:18 - bot_service - INFO - 📁 Логи: logs/bot_service.log
2025-09-21 20:55:18 - bot_service - INFO - ⏰ Время: 2025-09-21 20:55:18
2025-09-21 20:55:18 - bot_service.database - INFO - ✅ База данных успешно инициализирована.
2025-09-21 21:10:54 - bot_service - INFO - 🛑 BOT_SERVICE ОСТАНОВЛЕН
2025-09-21 21:10:54 - bot_service - INFO - ⏰ Время: 2025-09-21 21:10:54
2025-09-21 21:10:57 - bot_service - INFO - === BOT SERVICE STARTED ===
2025-09-21 21:10:57 - bot_service - INFO - ==================================================
2025-09-21 21:10:57 - bot_service - INFO - СИСТЕМА ЗАПУЩЕНА - 2025-09-21 21:10:57
2025-09-21 21:10:57 - bot_service - INFO - ==================================================
2025-09-21 21:10:57 - bot_service - INFO - Python версия: 3.10.0 (tags/v3.10.0:b494f59, Oct  4 2021, 19:00:18) [MSC v.1929 64 bit (AMD64)]
2025-09-21 21:10:57 - bot_service - INFO - Платформа: Windows-10-10.0.26100-SP0
2025-09-21 21:10:57 - bot_service - INFO - Архитектура: ('64bit', 'WindowsPE')
2025-09-21 21:10:57 - bot_service - INFO - Процессор: AMD64 Family 25 Model 33 Stepping 2, AuthenticAMD
2025-09-21 21:10:57 - bot_service - INFO - Рабочая директория: H:\Programming\raw_code\AI\Python\TTS_TTV_0.02\bot_service
2025-09-21 21:10:57 - bot_service - INFO - ==================================================
2025-09-21 21:10:57 - bot_service - INFO - 🚀 BOT_SERVICE ЗАПУЩЕН
2025-09-21 21:10:57 - bot_service - INFO - 🌐 Порт: 8000
2025-09-21 21:10:57 - bot_service - INFO - 📁 Логи: logs/bot_service.log
2025-09-21 21:10:57 - bot_service - INFO - ⏰ Время: 2025-09-21 21:10:57
2025-09-21 21:10:57 - bot_service.database - INFO - ✅ База данных успешно инициализирована.
2025-09-21 21:14:21 - bot_service - INFO - 🛑 BOT_SERVICE ОСТАНОВЛЕН
2025-09-21 21:14:21 - bot_service - INFO - ⏰ Время: 2025-09-21 21:14:21
2025-09-21 22:03:43 - bot_service - INFO - === BOT SERVICE STARTED ===
2025-09-21 22:03:43 - bot_service - INFO - ==================================================
2025-09-21 22:03:43 - bot_service - INFO - СИСТЕМА ЗАПУЩЕНА - 2025-09-21 22:03:43
2025-09-21 22:03:43 - bot_service - INFO - ==================================================
2025-09-21 22:03:43 - bot_service - INFO - Python версия: 3.10.0 (tags/v3.10.0:b494f59, Oct  4 2021, 19:00:18) [MSC v.1929 64 bit (AMD64)]
2025-09-21 22:03:43 - bot_service - INFO - Платформа: Windows-10-10.0.26100-SP0
2025-09-21 22:03:43 - bot_service - INFO - Архитектура: ('64bit', 'WindowsPE')
2025-09-21 22:03:43 - bot_service - INFO - Процессор: AMD64 Family 25 Model 33 Stepping 2, AuthenticAMD
2025-09-21 22:03:43 - bot_service - INFO - Рабочая директория: H:\Programming\raw_code\AI\Python\TTS_TTV_0.02\bot_service
2025-09-21 22:03:43 - bot_service - INFO - ==================================================
2025-09-21 22:03:43 - bot_service - INFO - 🚀 BOT_SERVICE ЗАПУЩЕН
2025-09-21 22:03:43 - bot_service - INFO - 🌐 Порт: 8000
2025-09-21 22:03:43 - bot_service - INFO - 📁 Логи: logs/bot_service.log
2025-09-21 22:03:43 - bot_service - INFO - ⏰ Время: 2025-09-21 22:03:43
2025-09-21 22:03:43 - bot_service.database - INFO - ✅ База данных успешно инициализирована.
2025-09-21 22:04:28 - bot_service.bot - INFO - Bot logged in as payedviewer
2025-09-21 22:04:28 - bot_service.bot - INFO - Bot user id: 1317705797
2025-09-21 22:04:28 - bot_service.bot - INFO - Connected to channels: []
2025-09-21 22:04:29 - bot_service.bot - INFO - Joined channel: yourchy
2025-09-21 22:04:29 - bot_service.bot - INFO - Joined channel: yourchy
2025-09-21 22:42:12 - bot_service.bot - INFO - Joined channel: yourchy
2025-09-21 22:42:12 - bot_service.bot - INFO - Joined channel: yourchy
2025-09-21 22:49:35 - bot_service.bot - INFO - Joined channel: yourchy
2025-09-21 22:49:35 - bot_service.bot - INFO - Joined channel: yourchy
2025-09-21 22:51:29 - bot_service - INFO - 🛑 BOT_SERVICE ОСТАНОВЛЕН
2025-09-21 22:51:29 - bot_service - INFO - ⏰ Время: 2025-09-21 22:51:29
2025-09-21 22:51:37 - bot_service - INFO - === BOT SERVICE STARTED ===
2025-09-21 22:51:37 - bot_service - INFO - ==================================================
2025-09-21 22:51:37 - bot_service - INFO - СИСТЕМА ЗАПУЩЕНА - 2025-09-21 22:51:37
2025-09-21 22:51:37 - bot_service - INFO - ==================================================
2025-09-21 22:51:37 - bot_service - INFO - Python версия: 3.10.0 (tags/v3.10.0:b494f59, Oct  4 2021, 19:00:18) [MSC v.1929 64 bit (AMD64)]
2025-09-21 22:51:37 - bot_service - INFO - Платформа: Windows-10-10.0.26100-SP0
2025-09-21 22:51:37 - bot_service - INFO - Архитектура: ('64bit', 'WindowsPE')
2025-09-21 22:51:37 - bot_service - INFO - Процессор: AMD64 Family 25 Model 33 Stepping 2, AuthenticAMD
2025-09-21 22:51:37 - bot_service - INFO - Рабочая директория: H:\Programming\raw_code\AI\Python\TTS_TTV_0.02\bot_service
2025-09-21 22:51:37 - bot_service - INFO - ==================================================
2025-09-21 22:51:37 - bot_service - INFO - 🚀 BOT_SERVICE ЗАПУЩЕН
2025-09-21 22:51:37 - bot_service - INFO - 🌐 Порт: 8000
2025-09-21 22:51:37 - bot_service - INFO - 📁 Логи: logs/bot_service.log
2025-09-21 22:51:37 - bot_service - INFO - ⏰ Время: 2025-09-21 22:51:37
2025-09-21 22:51:37 - bot_service.database - INFO - ✅ База данных успешно инициализирована.
2025-09-21 22:51:44 - bot_service - INFO - Creating new bot instance...
2025-09-21 22:51:44 - bot_service - INFO - Bot instance created, starting bot...
2025-09-21 22:51:46 - bot_service.bot - INFO - Bot logged in as payedviewer
2025-09-21 22:51:46 - bot_service.bot - INFO - Bot user id: 1317705797
2025-09-21 22:51:46 - bot_service.bot - INFO - Connected to channels: []
2025-09-21 22:51:46 - bot_service - INFO - Bot startup task created
2025-09-21 22:51:46 - bot_service - INFO - Attempting to join channel: yourchy
2025-09-21 22:51:46 - bot_service.bot - INFO - Joined channel: yourchy
2025-09-21 22:51:46 - bot_service - INFO - Successfully connected to channel: yourchy
2025-09-21 22:51:46 - bot_service.bot - INFO - Joined channel: yourchy
2025-09-21 22:52:12 - bot_service - INFO - === BOT SERVICE STARTED ===
2025-09-21 22:52:12 - bot_service - INFO - ==================================================
2025-09-21 22:52:12 - bot_service - INFO - СИСТЕМА ЗАПУЩЕНА - 2025-09-21 22:52:12
2025-09-21 22:52:12 - bot_service - INFO - ==================================================
2025-09-21 22:52:12 - bot_service - INFO - Python версия: 3.10.0 (tags/v3.10.0:b494f59, Oct  4 2021, 19:00:18) [MSC v.1929 64 bit (AMD64)]
2025-09-21 22:52:12 - bot_service - INFO - Платформа: Windows-10-10.0.26100-SP0
2025-09-21 22:52:12 - bot_service - INFO - Архитектура: ('64bit', 'WindowsPE')
2025-09-21 22:52:12 - bot_service - INFO - Процессор: AMD64 Family 25 Model 33 Stepping 2, AuthenticAMD
2025-09-21 22:52:12 - bot_service - INFO - Рабочая директория: H:\Programming\raw_code\AI\Python\TTS_TTV_0.02\bot_service
2025-09-21 22:52:12 - bot_service - INFO - ==================================================
2025-09-21 22:52:12 - bot_service - INFO - 🚀 BOT_SERVICE ЗАПУЩЕН
2025-09-21 22:52:12 - bot_service - INFO - 🌐 Порт: 8000
2025-09-21 22:52:12 - bot_service - INFO - 📁 Логи: logs/bot_service.log
2025-09-21 22:52:12 - bot_service - INFO - ⏰ Время: 2025-09-21 22:52:12
2025-09-21 22:52:12 - bot_service.database - INFO - ✅ База данных успешно инициализирована.
2025-09-21 22:52:43 - bot_service - INFO - Creating new bot instance...
2025-09-21 22:52:43 - bot_service - INFO - Bot instance created, starting bot...
2025-09-21 22:52:45 - bot_service.bot - INFO - Bot logged in as payedviewer
2025-09-21 22:52:45 - bot_service.bot - INFO - Bot user id: 1317705797
2025-09-21 22:52:45 - bot_service.bot - INFO - Connected to channels: []
2025-09-21 22:52:45 - bot_service - INFO - Bot startup task created
2025-09-21 22:52:45 - bot_service - INFO - Attempting to join channel: yourchy
2025-09-21 22:52:45 - bot_service.bot - INFO - Joined channel: yourchy
2025-09-21 22:52:45 - bot_service - INFO - Successfully connected to channel: yourchy
2025-09-21 22:52:45 - bot_service.bot - INFO - Joined channel: yourchy
2025-09-21 22:55:24 - bot_service.bot - INFO - Left channel: yourchy
2025-09-21 22:59:54 - bot_service - INFO - 🛑 BOT_SERVICE ОСТАНОВЛЕН
2025-09-21 22:59:54 - bot_service - INFO - ⏰ Время: 2025-09-21 22:59:54
2025-09-21 23:03:32 - bot_service - INFO - === BOT SERVICE STARTED ===
2025-09-21 23:03:32 - bot_service - INFO - ==================================================
2025-09-21 23:03:32 - bot_service - INFO - СИСТЕМА ЗАПУЩЕНА - 2025-09-21 23:03:32
2025-09-21 23:03:32 - bot_service - INFO - ==================================================
2025-09-21 23:03:32 - bot_service - INFO - Python версия: 3.10.0 (tags/v3.10.0:b494f59, Oct  4 2021, 19:00:18) [MSC v.1929 64 bit (AMD64)]
2025-09-21 23:03:32 - bot_service - INFO - Платформа: Windows-10-10.0.26100-SP0
2025-09-21 23:03:32 - bot_service - INFO - Архитектура: ('64bit', 'WindowsPE')
2025-09-21 23:03:32 - bot_service - INFO - Процессор: AMD64 Family 25 Model 33 Stepping 2, AuthenticAMD
2025-09-21 23:03:32 - bot_service - INFO - Рабочая директория: H:\Programming\raw_code\AI\Python\TTS_TTV_0.02\bot_service
2025-09-21 23:03:32 - bot_service - INFO - ==================================================
2025-09-21 23:03:32 - bot_service - INFO - 🚀 BOT_SERVICE ЗАПУЩЕН
2025-09-21 23:03:32 - bot_service - INFO - 🌐 Порт: 8000
2025-09-21 23:03:32 - bot_service - INFO - 📁 Логи: logs/bot_service.log
2025-09-21 23:03:32 - bot_service - INFO - ⏰ Время: 2025-09-21 23:03:32
2025-09-21 23:03:32 - bot_service.database - INFO - ✅ База данных успешно инициализирована.
2025-09-21 23:04:51 - bot_service - INFO - Creating new bot instance...
2025-09-21 23:04:51 - bot_service - INFO - Bot instance created, starting bot...
2025-09-21 23:04:53 - bot_service.bot - INFO - Bot logged in as payedviewer
2025-09-21 23:04:53 - bot_service.bot - INFO - Bot user id: 1317705797
2025-09-21 23:04:53 - bot_service.bot - INFO - Connected to channels: []
2025-09-21 23:04:53 - bot_service - INFO - Bot startup task created
2025-09-21 23:04:53 - bot_service - INFO - Attempting to join channel: yourchy
2025-09-21 23:04:53 - bot_service.bot - INFO - Joined channel: yourchy
2025-09-21 23:04:53 - bot_service - INFO - Successfully connected to channel: yourchy
2025-09-21 23:04:53 - bot_service.bot - INFO - Joined channel: yourchy
2025-09-21 23:06:17 - bot_service - INFO - Bot instance already exists
2025-09-21 23:06:17 - bot_service - INFO - Attempting to join channel: yourchy
2025-09-21 23:06:17 - bot_service.bot - INFO - Joined channel: yourchy
2025-09-21 23:06:17 - bot_service - INFO - Successfully connected to channel: yourchy
2025-09-21 23:06:17 - bot_service - INFO - Bot instance already exists
2025-09-21 23:06:17 - bot_service - INFO - Attempting to join channel: yourchy
2025-09-21 23:06:17 - bot_service.bot - INFO - Joined channel: yourchy
2025-09-21 23:06:17 - bot_service - INFO - Successfully connected to channel: yourchy
2025-09-21 23:06:18 - bot_service.bot - INFO - Joined channel: yourchy
2025-09-21 23:06:18 - bot_service.bot - INFO - Joined channel: yourchy
2025-09-21 23:07:46 - bot_service - INFO - Bot instance already exists
2025-09-21 23:07:46 - bot_service - INFO - Attempting to join channel: yourchy
2025-09-21 23:07:46 - bot_service.bot - INFO - Joined channel: yourchy
2025-09-21 23:07:46 - bot_service - INFO - Successfully connected to channel: yourchy
2025-09-21 23:07:46 - bot_service - INFO - Bot instance already exists
2025-09-21 23:07:46 - bot_service - INFO - Attempting to join channel: yourchy
2025-09-21 23:07:46 - bot_service.bot - INFO - Joined channel: yourchy
2025-09-21 23:07:46 - bot_service - INFO - Successfully connected to channel: yourchy
2025-09-21 23:07:46 - bot_service.bot - INFO - Joined channel: yourchy
2025-09-21 23:07:46 - bot_service.bot - INFO - Joined channel: yourchy
2025-09-21 23:09:04 - bot_service - INFO - Bot instance already exists
2025-09-21 23:09:04 - bot_service - INFO - Attempting to join channel: yourchy
2025-09-21 23:09:04 - bot_service.bot - INFO - Joined channel: yourchy
2025-09-21 23:09:04 - bot_service - INFO - Successfully connected to channel: yourchy
2025-09-21 23:09:04 - bot_service - INFO - Bot instance already exists
2025-09-21 23:09:04 - bot_service - INFO - Attempting to join channel: yourchy
2025-09-21 23:09:04 - bot_service.bot - INFO - Joined channel: yourchy
2025-09-21 23:09:04 - bot_service - INFO - Successfully connected to channel: yourchy
2025-09-21 23:09:05 - bot_service.bot - INFO - Joined channel: yourchy
2025-09-21 23:09:05 - bot_service.bot - INFO - Joined channel: yourchy
2025-09-21 23:09:08 - bot_service - INFO - Bot instance already exists
2025-09-21 23:09:08 - bot_service - INFO - Attempting to join channel: yourchy
2025-09-21 23:09:08 - bot_service.bot - INFO - Joined channel: yourchy
2025-09-21 23:09:08 - bot_service - INFO - Successfully connected to channel: yourchy
2025-09-21 23:09:08 - bot_service - INFO - Bot instance already exists
2025-09-21 23:09:08 - bot_service - INFO - Attempting to join channel: yourchy
2025-09-21 23:09:08 - bot_service.bot - INFO - Joined channel: yourchy
2025-09-21 23:09:08 - bot_service - INFO - Successfully connected to channel: yourchy
2025-09-21 23:09:08 - bot_service.bot - INFO - Joined channel: yourchy
2025-09-21 23:09:08 - bot_service.bot - INFO - Joined channel: yourchy
2025-09-21 23:09:34 - bot_service - INFO - Bot instance already exists
2025-09-21 23:09:34 - bot_service - INFO - Attempting to join channel: yourchy
2025-09-21 23:09:34 - bot_service.bot - INFO - Joined channel: yourchy
2025-09-21 23:09:34 - bot_service - INFO - Successfully connected to channel: yourchy
2025-09-21 23:09:34 - bot_service - INFO - Bot instance already exists
2025-09-21 23:09:34 - bot_service - INFO - Attempting to join channel: yourchy
2025-09-21 23:09:34 - bot_service.bot - INFO - Joined channel: yourchy
2025-09-21 23:09:34 - bot_service - INFO - Successfully connected to channel: yourchy
2025-09-21 23:09:34 - bot_service.bot - INFO - Joined channel: yourchy
2025-09-21 23:09:34 - bot_service.bot - INFO - Joined channel: yourchy
2025-09-21 23:09:41 - bot_service - INFO - Bot instance already exists
2025-09-21 23:09:41 - bot_service - INFO - Attempting to join channel: yourchy
2025-09-21 23:09:41 - bot_service.bot - INFO - Joined channel: yourchy
2025-09-21 23:09:41 - bot_service - INFO - Successfully connected to channel: yourchy
2025-09-21 23:09:41 - bot_service - INFO - Bot instance already exists
2025-09-21 23:09:41 - bot_service - INFO - Attempting to join channel: yourchy
2025-09-21 23:09:41 - bot_service.bot - INFO - Joined channel: yourchy
2025-09-21 23:09:41 - bot_service - INFO - Successfully connected to channel: yourchy
2025-09-21 23:09:41 - bot_service.bot - INFO - Joined channel: yourchy
2025-09-21 23:09:41 - bot_service.bot - INFO - Joined channel: yourchy
2025-09-21 23:10:08 - bot_service - INFO - Bot instance already exists
2025-09-21 23:10:08 - bot_service - INFO - Attempting to join channel: yourchy
2025-09-21 23:10:08 - bot_service.bot - INFO - Joined channel: yourchy
2025-09-21 23:10:08 - bot_service - INFO - Successfully connected to channel: yourchy
2025-09-21 23:10:08 - bot_service - INFO - Bot instance already exists
2025-09-21 23:10:08 - bot_service - INFO - Attempting to join channel: yourchy
2025-09-21 23:10:08 - bot_service.bot - INFO - Joined channel: yourchy
2025-09-21 23:10:08 - bot_service - INFO - Successfully connected to channel: yourchy
2025-09-21 23:10:08 - bot_service.bot - INFO - Joined channel: yourchy
2025-09-21 23:10:08 - bot_service.bot - INFO - Joined channel: yourchy
2025-09-21 23:11:17 - bot_service - INFO - Bot instance already exists
2025-09-21 23:11:17 - bot_service - INFO - Attempting to join channel: yourchy
2025-09-21 23:11:17 - bot_service.bot - INFO - Joined channel: yourchy
2025-09-21 23:11:17 - bot_service - INFO - Successfully connected to channel: yourchy
2025-09-21 23:11:17 - bot_service - INFO - Bot instance already exists
2025-09-21 23:11:17 - bot_service - INFO - Attempting to join channel: yourchy
2025-09-21 23:11:17 - bot_service.bot - INFO - Joined channel: yourchy
2025-09-21 23:11:17 - bot_service - INFO - Successfully connected to channel: yourchy
2025-09-21 23:11:17 - bot_service.bot - INFO - Joined channel: yourchy
2025-09-21 23:11:17 - bot_service.bot - INFO - Joined channel: yourchy
2025-09-21 23:12:30 - bot_service - INFO - Bot instance already exists
2025-09-21 23:12:30 - bot_service - INFO - Attempting to join channel: yourchy
2025-09-21 23:12:30 - bot_service.bot - INFO - Joined channel: yourchy
2025-09-21 23:12:30 - bot_service - INFO - Successfully connected to channel: yourchy
2025-09-21 23:12:30 - bot_service - INFO - Bot instance already exists
2025-09-21 23:12:30 - bot_service - INFO - Attempting to join channel: yourchy
2025-09-21 23:12:30 - bot_service.bot - INFO - Joined channel: yourchy
2025-09-21 23:12:30 - bot_service - INFO - Successfully connected to channel: yourchy
2025-09-21 23:12:30 - bot_service.bot - INFO - Joined channel: yourchy
2025-09-21 23:12:30 - bot_service.bot - INFO - Joined channel: yourchy
2025-09-21 23:12:39 - bot_service - INFO - Bot instance already exists
2025-09-21 23:12:39 - bot_service - INFO - Attempting to join channel: yourchy
2025-09-21 23:12:39 - bot_service.bot - INFO - Joined channel: yourchy
2025-09-21 23:12:39 - bot_service - INFO - Successfully connected to channel: yourchy
2025-09-21 23:12:39 - bot_service - INFO - Bot instance already exists
2025-09-21 23:12:39 - bot_service - INFO - Attempting to join channel: yourchy
2025-09-21 23:12:39 - bot_service.bot - INFO - Joined channel: yourchy
2025-09-21 23:12:39 - bot_service - INFO - Successfully connected to channel: yourchy
2025-09-21 23:12:39 - bot_service.bot - INFO - Joined channel: yourchy
2025-09-21 23:12:39 - bot_service.bot - INFO - Joined channel: yourchy
2025-09-21 23:12:42 - bot_service - INFO - Bot instance already exists
2025-09-21 23:12:42 - bot_service - INFO - Attempting to join channel: yourchy
2025-09-21 23:12:42 - bot_service.bot - INFO - Joined channel: yourchy
2025-09-21 23:12:42 - bot_service - INFO - Successfully connected to channel: yourchy
2025-09-21 23:12:42 - bot_service - INFO - Bot instance already exists
2025-09-21 23:12:42 - bot_service - INFO - Attempting to join channel: yourchy
2025-09-21 23:12:42 - bot_service.bot - INFO - Joined channel: yourchy
2025-09-21 23:12:42 - bot_service - INFO - Successfully connected to channel: yourchy
2025-09-21 23:12:42 - bot_service.bot - INFO - Joined channel: yourchy
2025-09-21 23:12:42 - bot_service.bot - INFO - Joined channel: yourchy
2025-09-21 23:12:46 - bot_service - INFO - Bot instance already exists
2025-09-21 23:12:46 - bot_service - INFO - Attempting to join channel: yourchy
2025-09-21 23:12:46 - bot_service.bot - INFO - Joined channel: yourchy
2025-09-21 23:12:46 - bot_service - INFO - Successfully connected to channel: yourchy
2025-09-21 23:12:46 - bot_service - INFO - Bot instance already exists
2025-09-21 23:12:46 - bot_service - INFO - Attempting to join channel: yourchy
2025-09-21 23:12:46 - bot_service.bot - INFO - Joined channel: yourchy
2025-09-21 23:12:46 - bot_service - INFO - Successfully connected to channel: yourchy
2025-09-21 23:12:46 - bot_service.bot - INFO - Joined channel: yourchy
2025-09-21 23:12:46 - bot_service.bot - INFO - Joined channel: yourchy
2025-09-21 23:13:17 - bot_service - INFO - Bot instance already exists
2025-09-21 23:13:17 - bot_service - INFO - Attempting to join channel: yourchy
2025-09-21 23:13:17 - bot_service.bot - INFO - Joined channel: yourchy
2025-09-21 23:13:17 - bot_service - INFO - Successfully connected to channel: yourchy
2025-09-21 23:13:17 - bot_service - INFO - Bot instance already exists
2025-09-21 23:13:17 - bot_service - INFO - Attempting to join channel: yourchy
2025-09-21 23:13:17 - bot_service.bot - INFO - Joined channel: yourchy
2025-09-21 23:13:17 - bot_service - INFO - Successfully connected to channel: yourchy
2025-09-21 23:13:17 - bot_service.bot - INFO - Joined channel: yourchy
2025-09-21 23:13:17 - bot_service.bot - INFO - Joined channel: yourchy
2025-09-21 23:13:29 - bot_service - INFO - Bot instance already exists
2025-09-21 23:13:29 - bot_service - INFO - Attempting to join channel: yourchy
2025-09-21 23:13:29 - bot_service.bot - INFO - Joined channel: yourchy
2025-09-21 23:13:29 - bot_service - INFO - Successfully connected to channel: yourchy
2025-09-21 23:13:29 - bot_service - INFO - Bot instance already exists
2025-09-21 23:13:29 - bot_service - INFO - Attempting to join channel: yourchy
2025-09-21 23:13:29 - bot_service.bot - INFO - Joined channel: yourchy
2025-09-21 23:13:29 - bot_service - INFO - Successfully connected to channel: yourchy
2025-09-21 23:13:29 - bot_service.bot - INFO - Joined channel: yourchy
2025-09-21 23:13:29 - bot_service.bot - INFO - Joined channel: yourchy
2025-09-21 23:13:32 - bot_service - INFO - Bot instance already exists
2025-09-21 23:13:32 - bot_service - INFO - Attempting to join channel: yourchy
2025-09-21 23:13:32 - bot_service.bot - INFO - Joined channel: yourchy
2025-09-21 23:13:32 - bot_service - INFO - Successfully connected to channel: yourchy
2025-09-21 23:13:32 - bot_service - INFO - Bot instance already exists
2025-09-21 23:13:32 - bot_service - INFO - Attempting to join channel: yourchy
2025-09-21 23:13:32 - bot_service.bot - INFO - Joined channel: yourchy
2025-09-21 23:13:32 - bot_service - INFO - Successfully connected to channel: yourchy
2025-09-21 23:13:32 - bot_service.bot - INFO - Joined channel: yourchy
2025-09-21 23:13:32 - bot_service.bot - INFO - Joined channel: yourchy
2025-09-21 23:16:14 - bot_service - INFO - Bot instance already exists
2025-09-21 23:16:14 - bot_service - INFO - Attempting to join channel: yourchy
2025-09-21 23:16:14 - bot_service.bot - INFO - Joined channel: yourchy
2025-09-21 23:16:14 - bot_service - INFO - Successfully connected to channel: yourchy
2025-09-21 23:16:14 - bot_service - INFO - Bot instance already exists
2025-09-21 23:16:14 - bot_service - INFO - Attempting to join channel: yourchy
2025-09-21 23:16:14 - bot_service.bot - INFO - Joined channel: yourchy
2025-09-21 23:16:14 - bot_service - INFO - Successfully connected to channel: yourchy
2025-09-21 23:16:14 - bot_service.bot - INFO - Joined channel: yourchy
2025-09-21 23:16:14 - bot_service.bot - INFO - Joined channel: yourchy
2025-09-21 23:16:16 - bot_service - INFO - Bot instance already exists
2025-09-21 23:16:16 - bot_service - INFO - Attempting to join channel: yourchy
2025-09-21 23:16:16 - bot_service.bot - INFO - Joined channel: yourchy
2025-09-21 23:16:16 - bot_service - INFO - Successfully connected to channel: yourchy
2025-09-21 23:16:16 - bot_service - INFO - Bot instance already exists
2025-09-21 23:16:16 - bot_service - INFO - Attempting to join channel: yourchy
2025-09-21 23:16:16 - bot_service.bot - INFO - Joined channel: yourchy
2025-09-21 23:16:16 - bot_service - INFO - Successfully connected to channel: yourchy
2025-09-21 23:16:16 - bot_service.bot - INFO - Joined channel: yourchy
2025-09-21 23:16:16 - bot_service.bot - INFO - Joined channel: yourchy
2025-09-21 23:16:25 - bot_service - INFO - Bot instance already exists
2025-09-21 23:16:25 - bot_service - INFO - Attempting to join channel: yourchy
2025-09-21 23:16:25 - bot_service.bot - INFO - Joined channel: yourchy
2025-09-21 23:16:25 - bot_service - INFO - Successfully connected to channel: yourchy
2025-09-21 23:16:25 - bot_service - INFO - Bot instance already exists
2025-09-21 23:16:25 - bot_service - INFO - Attempting to join channel: yourchy
2025-09-21 23:16:25 - bot_service.bot - INFO - Joined channel: yourchy
2025-09-21 23:16:25 - bot_service - INFO - Successfully connected to channel: yourchy
2025-09-21 23:16:25 - bot_service.bot - INFO - Joined channel: yourchy
2025-09-21 23:16:25 - bot_service.bot - INFO - Joined channel: yourchy
2025-09-21 23:16:27 - bot_service - INFO - Bot instance already exists
2025-09-21 23:16:27 - bot_service - INFO - Attempting to join channel: yourchy
2025-09-21 23:16:27 - bot_service.bot - INFO - Joined channel: yourchy
2025-09-21 23:16:27 - bot_service - INFO - Successfully connected to channel: yourchy
2025-09-21 23:16:27 - bot_service - INFO - Bot instance already exists
2025-09-21 23:16:27 - bot_service - INFO - Attempting to join channel: yourchy
2025-09-21 23:16:27 - bot_service.bot - INFO - Joined channel: yourchy
2025-09-21 23:16:27 - bot_service - INFO - Successfully connected to channel: yourchy
2025-09-21 23:16:27 - bot_service.bot - INFO - Joined channel: yourchy
2025-09-21 23:16:27 - bot_service.bot - INFO - Joined channel: yourchy
2025-09-21 23:16:44 - bot_service - INFO - Bot instance already exists
2025-09-21 23:16:44 - bot_service - INFO - Attempting to join channel: yourchy
2025-09-21 23:16:44 - bot_service.bot - INFO - Joined channel: yourchy
2025-09-21 23:16:44 - bot_service - INFO - Successfully connected to channel: yourchy
2025-09-21 23:16:44 - bot_service - INFO - Bot instance already exists
2025-09-21 23:16:44 - bot_service - INFO - Attempting to join channel: yourchy
2025-09-21 23:16:44 - bot_service.bot - INFO - Joined channel: yourchy
2025-09-21 23:16:44 - bot_service - INFO - Successfully connected to channel: yourchy
2025-09-21 23:16:44 - bot_service.bot - INFO - Joined channel: yourchy
2025-09-21 23:16:44 - bot_service.bot - INFO - Joined channel: yourchy
2025-09-21 23:18:19 - bot_service - INFO - Bot instance already exists
2025-09-21 23:18:19 - bot_service - INFO - Attempting to join channel: yourchy
2025-09-21 23:18:19 - bot_service.bot - INFO - Joined channel: yourchy
2025-09-21 23:18:19 - bot_service - INFO - Successfully connected to channel: yourchy
2025-09-21 23:18:19 - bot_service - INFO - Bot instance already exists
2025-09-21 23:18:19 - bot_service - INFO - Attempting to join channel: yourchy
2025-09-21 23:18:19 - bot_service.bot - INFO - Joined channel: yourchy
2025-09-21 23:18:19 - bot_service - INFO - Successfully connected to channel: yourchy
2025-09-21 23:18:19 - bot_service.bot - INFO - Joined channel: yourchy
2025-09-21 23:18:19 - bot_service.bot - INFO - Joined channel: yourchy
2025-09-21 23:18:25 - bot_service - INFO - Bot instance already exists
2025-09-21 23:18:25 - bot_service - INFO - Attempting to join channel: yourchy
2025-09-21 23:18:25 - bot_service.bot - INFO - Joined channel: yourchy
2025-09-21 23:18:25 - bot_service - INFO - Successfully connected to channel: yourchy
2025-09-21 23:18:25 - bot_service - INFO - Bot instance already exists
2025-09-21 23:18:25 - bot_service - INFO - Attempting to join channel: yourchy
2025-09-21 23:18:25 - bot_service.bot - INFO - Joined channel: yourchy
2025-09-21 23:18:25 - bot_service - INFO - Successfully connected to channel: yourchy
2025-09-21 23:18:25 - bot_service.bot - INFO - Joined channel: yourchy
2025-09-21 23:18:25 - bot_service.bot - INFO - Joined channel: yourchy
2025-09-21 23:18:28 - bot_service - INFO - Bot instance already exists
2025-09-21 23:18:28 - bot_service - INFO - Attempting to join channel: yourchy
2025-09-21 23:18:28 - bot_service.bot - INFO - Joined channel: yourchy
2025-09-21 23:18:28 - bot_service - INFO - Successfully connected to channel: yourchy
2025-09-21 23:18:28 - bot_service - INFO - Bot instance already exists
2025-09-21 23:18:28 - bot_service - INFO - Attempting to join channel: yourchy
2025-09-21 23:18:28 - bot_service.bot - INFO - Joined channel: yourchy
2025-09-21 23:18:28 - bot_service - INFO - Successfully connected to channel: yourchy
2025-09-21 23:18:28 - bot_service.bot - INFO - Joined channel: yourchy
2025-09-21 23:18:28 - bot_service.bot - INFO - Joined channel: yourchy
2025-09-21 23:18:32 - bot_service - INFO - Bot instance already exists
2025-09-21 23:18:32 - bot_service - INFO - Attempting to join channel: yourchy
2025-09-21 23:18:32 - bot_service.bot - INFO - Joined channel: yourchy
2025-09-21 23:18:32 - bot_service - INFO - Successfully connected to channel: yourchy
2025-09-21 23:18:32 - bot_service - INFO - Bot instance already exists
2025-09-21 23:18:32 - bot_service - INFO - Attempting to join channel: yourchy
2025-09-21 23:18:32 - bot_service.bot - INFO - Joined channel: yourchy
2025-09-21 23:18:32 - bot_service - INFO - Successfully connected to channel: yourchy
2025-09-21 23:18:32 - bot_service.bot - INFO - Joined channel: yourchy
2025-09-21 23:18:32 - bot_service.bot - INFO - Joined channel: yourchy
2025-09-21 23:18:43 - bot_service - INFO - Bot instance already exists
2025-09-21 23:18:43 - bot_service - INFO - Attempting to join channel: yourchy
2025-09-21 23:18:43 - bot_service.bot - INFO - Joined channel: yourchy
2025-09-21 23:18:43 - bot_service - INFO - Successfully connected to channel: yourchy
2025-09-21 23:18:43 - bot_service - INFO - Bot instance already exists
2025-09-21 23:18:43 - bot_service - INFO - Attempting to join channel: yourchy
2025-09-21 23:18:43 - bot_service.bot - INFO - Joined channel: yourchy
2025-09-21 23:18:43 - bot_service - INFO - Successfully connected to channel: yourchy
2025-09-21 23:18:43 - bot_service.bot - INFO - Joined channel: yourchy
2025-09-21 23:18:43 - bot_service.bot - INFO - Joined channel: yourchy
2025-09-21 23:18:47 - bot_service - INFO - Bot instance already exists
2025-09-21 23:18:47 - bot_service - INFO - Attempting to join channel: yourchy
2025-09-21 23:18:47 - bot_service.bot - INFO - Joined channel: yourchy
2025-09-21 23:18:47 - bot_service - INFO - Successfully connected to channel: yourchy
2025-09-21 23:18:47 - bot_service - INFO - Bot instance already exists
2025-09-21 23:18:47 - bot_service - INFO - Attempting to join channel: yourchy
2025-09-21 23:18:47 - bot_service.bot - INFO - Joined channel: yourchy
2025-09-21 23:18:47 - bot_service - INFO - Successfully connected to channel: yourchy
2025-09-21 23:18:48 - bot_service.bot - INFO - Joined channel: yourchy
2025-09-21 23:18:48 - bot_service.bot - INFO - Joined channel: yourchy
2025-09-21 23:18:50 - bot_service - INFO - Bot instance already exists
2025-09-21 23:18:50 - bot_service - INFO - Attempting to join channel: yourchy
2025-09-21 23:18:50 - bot_service.bot - INFO - Joined channel: yourchy
2025-09-21 23:18:50 - bot_service - INFO - Successfully connected to channel: yourchy
2025-09-21 23:18:50 - bot_service - INFO - Bot instance already exists
2025-09-21 23:18:50 - bot_service - INFO - Attempting to join channel: yourchy
2025-09-21 23:18:50 - bot_service.bot - INFO - Joined channel: yourchy
2025-09-21 23:18:50 - bot_service - INFO - Successfully connected to channel: yourchy
2025-09-21 23:18:50 - bot_service.bot - INFO - Joined channel: yourchy
2025-09-21 23:18:50 - bot_service.bot - INFO - Joined channel: yourchy
2025-09-21 23:19:00 - bot_service - INFO - Bot instance already exists
2025-09-21 23:19:00 - bot_service - INFO - Attempting to join channel: yourchy
2025-09-21 23:19:00 - bot_service.bot - INFO - Joined channel: yourchy
2025-09-21 23:19:00 - bot_service - INFO - Successfully connected to channel: yourchy
2025-09-21 23:19:00 - bot_service - INFO - Bot instance already exists
2025-09-21 23:19:00 - bot_service - INFO - Attempting to join channel: yourchy
2025-09-21 23:19:00 - bot_service.bot - INFO - Joined channel: yourchy
2025-09-21 23:19:00 - bot_service - INFO - Successfully connected to channel: yourchy
2025-09-21 23:19:00 - bot_service.bot - INFO - Joined channel: yourchy
2025-09-21 23:19:00 - bot_service.bot - INFO - Joined channel: yourchy
2025-09-21 23:19:56 - bot_service - INFO - Bot instance already exists
2025-09-21 23:19:56 - bot_service - INFO - Attempting to join channel: yourchy
2025-09-21 23:19:56 - bot_service.bot - INFO - Joined channel: yourchy
2025-09-21 23:19:56 - bot_service - INFO - Successfully connected to channel: yourchy
2025-09-21 23:19:56 - bot_service - INFO - Bot instance already exists
2025-09-21 23:19:56 - bot_service - INFO - Attempting to join channel: yourchy
2025-09-21 23:19:56 - bot_service.bot - INFO - Joined channel: yourchy
2025-09-21 23:19:56 - bot_service - INFO - Successfully connected to channel: yourchy
2025-09-21 23:19:56 - bot_service.bot - INFO - Joined channel: yourchy
2025-09-21 23:19:56 - bot_service.bot - INFO - Joined channel: yourchy
2025-09-21 23:20:55 - bot_service - INFO - Bot instance already exists
2025-09-21 23:20:55 - bot_service - INFO - Attempting to join channel: yourchy
2025-09-21 23:20:55 - bot_service.bot - INFO - Joined channel: yourchy
2025-09-21 23:20:55 - bot_service - INFO - Successfully connected to channel: yourchy
2025-09-21 23:20:55 - bot_service - INFO - Bot instance already exists
2025-09-21 23:20:55 - bot_service - INFO - Attempting to join channel: yourchy
2025-09-21 23:20:55 - bot_service.bot - INFO - Joined channel: yourchy
2025-09-21 23:20:55 - bot_service - INFO - Successfully connected to channel: yourchy
2025-09-21 23:20:55 - bot_service.bot - INFO - Joined channel: yourchy
2025-09-21 23:20:55 - bot_service.bot - INFO - Joined channel: yourchy
2025-09-21 23:21:16 - bot_service - INFO - Bot instance already exists
2025-09-21 23:21:16 - bot_service - INFO - Attempting to join channel: yourchy
2025-09-21 23:21:16 - bot_service.bot - INFO - Joined channel: yourchy
2025-09-21 23:21:16 - bot_service - INFO - Successfully connected to channel: yourchy
2025-09-21 23:21:16 - bot_service - INFO - Bot instance already exists
2025-09-21 23:21:16 - bot_service - INFO - Attempting to join channel: yourchy
2025-09-21 23:21:16 - bot_service.bot - INFO - Joined channel: yourchy
2025-09-21 23:21:16 - bot_service - INFO - Successfully connected to channel: yourchy
2025-09-21 23:21:16 - bot_service.bot - INFO - Joined channel: yourchy
2025-09-21 23:21:17 - bot_service.bot - INFO - Joined channel: yourchy
2025-09-21 23:21:21 - bot_service - INFO - Bot instance already exists
2025-09-21 23:21:21 - bot_service - INFO - Attempting to join channel: yourchy
2025-09-21 23:21:21 - bot_service.bot - INFO - Joined channel: yourchy
2025-09-21 23:21:21 - bot_service - INFO - Successfully connected to channel: yourchy
2025-09-21 23:21:21 - bot_service - INFO - Bot instance already exists
2025-09-21 23:21:21 - bot_service - INFO - Attempting to join channel: yourchy
2025-09-21 23:21:21 - bot_service.bot - INFO - Joined channel: yourchy
2025-09-21 23:21:21 - bot_service - INFO - Successfully connected to channel: yourchy
2025-09-21 23:21:21 - bot_service.bot - INFO - Joined channel: yourchy
2025-09-21 23:21:21 - bot_service.bot - INFO - Joined channel: yourchy
2025-09-21 23:21:24 - bot_service - INFO - Bot instance already exists
2025-09-21 23:21:24 - bot_service - INFO - Attempting to join channel: yourchy
2025-09-21 23:21:24 - bot_service.bot - INFO - Joined channel: yourchy
2025-09-21 23:21:24 - bot_service - INFO - Successfully connected to channel: yourchy
2025-09-21 23:21:24 - bot_service - INFO - Bot instance already exists
2025-09-21 23:21:24 - bot_service - INFO - Attempting to join channel: yourchy
2025-09-21 23:21:24 - bot_service.bot - INFO - Joined channel: yourchy
2025-09-21 23:21:24 - bot_service - INFO - Successfully connected to channel: yourchy
2025-09-21 23:21:24 - bot_service.bot - INFO - Joined channel: yourchy
2025-09-21 23:21:24 - bot_service.bot - INFO - Joined channel: yourchy
2025-09-21 23:21:26 - bot_service - INFO - Bot instance already exists
2025-09-21 23:21:26 - bot_service - INFO - Attempting to join channel: yourchy
2025-09-21 23:21:26 - bot_service.bot - INFO - Joined channel: yourchy
2025-09-21 23:21:26 - bot_service - INFO - Successfully connected to channel: yourchy
2025-09-21 23:21:26 - bot_service - INFO - Bot instance already exists
2025-09-21 23:21:26 - bot_service - INFO - Attempting to join channel: yourchy
2025-09-21 23:21:26 - bot_service.bot - INFO - Joined channel: yourchy
2025-09-21 23:21:26 - bot_service - INFO - Successfully connected to channel: yourchy
2025-09-21 23:21:26 - bot_service.bot - INFO - Joined channel: yourchy
2025-09-21 23:21:26 - bot_service.bot - INFO - Joined channel: yourchy
2025-09-21 23:21:29 - bot_service - INFO - Bot instance already exists
2025-09-21 23:21:29 - bot_service - INFO - Attempting to join channel: yourchy
2025-09-21 23:21:29 - bot_service.bot - INFO - Joined channel: yourchy
2025-09-21 23:21:29 - bot_service - INFO - Successfully connected to channel: yourchy
2025-09-21 23:21:29 - bot_service - INFO - Bot instance already exists
2025-09-21 23:21:29 - bot_service - INFO - Attempting to join channel: yourchy
2025-09-21 23:21:29 - bot_service.bot - INFO - Joined channel: yourchy
2025-09-21 23:21:29 - bot_service - INFO - Successfully connected to channel: yourchy
2025-09-21 23:21:29 - bot_service.bot - INFO - Joined channel: yourchy
2025-09-21 23:21:29 - bot_service.bot - INFO - Joined channel: yourchy
2025-09-21 23:21:36 - bot_service - INFO - Bot instance already exists
2025-09-21 23:21:36 - bot_service - INFO - Attempting to join channel: yourchy
2025-09-21 23:21:36 - bot_service.bot - INFO - Joined channel: yourchy
2025-09-21 23:21:36 - bot_service - INFO - Successfully connected to channel: yourchy
2025-09-21 23:21:36 - bot_service - INFO - Bot instance already exists
2025-09-21 23:21:36 - bot_service - INFO - Attempting to join channel: yourchy
2025-09-21 23:21:36 - bot_service.bot - INFO - Joined channel: yourchy
2025-09-21 23:21:36 - bot_service - INFO - Successfully connected to channel: yourchy
2025-09-21 23:21:36 - bot_service.bot - INFO - Joined channel: yourchy
2025-09-21 23:21:36 - bot_service.bot - INFO - Joined channel: yourchy
2025-09-21 23:21:39 - bot_service - INFO - Bot instance already exists
2025-09-21 23:21:39 - bot_service - INFO - Attempting to join channel: yourchy
2025-09-21 23:21:39 - bot_service.bot - INFO - Joined channel: yourchy
2025-09-21 23:21:39 - bot_service - INFO - Successfully connected to channel: yourchy
2025-09-21 23:21:39 - bot_service - INFO - Bot instance already exists
2025-09-21 23:21:39 - bot_service - INFO - Attempting to join channel: yourchy
2025-09-21 23:21:39 - bot_service.bot - INFO - Joined channel: yourchy
2025-09-21 23:21:39 - bot_service - INFO - Successfully connected to channel: yourchy
2025-09-21 23:21:39 - bot_service.bot - INFO - Joined channel: yourchy
2025-09-21 23:21:39 - bot_service.bot - INFO - Joined channel: yourchy
2025-09-21 23:21:42 - bot_service - INFO - Bot instance already exists
2025-09-21 23:21:42 - bot_service - INFO - Attempting to join channel: yourchy
2025-09-21 23:21:42 - bot_service.bot - INFO - Joined channel: yourchy
2025-09-21 23:21:42 - bot_service - INFO - Successfully connected to channel: yourchy
2025-09-21 23:21:42 - bot_service - INFO - Bot instance already exists
2025-09-21 23:21:42 - bot_service - INFO - Attempting to join channel: yourchy
2025-09-21 23:21:42 - bot_service.bot - INFO - Joined channel: yourchy
2025-09-21 23:21:42 - bot_service - INFO - Successfully connected to channel: yourchy
2025-09-21 23:21:42 - bot_service.bot - INFO - Joined channel: yourchy
2025-09-21 23:21:42 - bot_service.bot - INFO - Joined channel: yourchy
2025-09-21 23:21:45 - bot_service - INFO - Bot instance already exists
2025-09-21 23:21:45 - bot_service - INFO - Attempting to join channel: yourchy
2025-09-21 23:21:45 - bot_service.bot - INFO - Joined channel: yourchy
2025-09-21 23:21:45 - bot_service - INFO - Successfully connected to channel: yourchy
2025-09-21 23:21:45 - bot_service - INFO - Bot instance already exists
2025-09-21 23:21:45 - bot_service - INFO - Attempting to join channel: yourchy
2025-09-21 23:21:45 - bot_service.bot - INFO - Joined channel: yourchy
2025-09-21 23:21:45 - bot_service - INFO - Successfully connected to channel: yourchy
2025-09-21 23:21:45 - bot_service.bot - INFO - Joined channel: yourchy
2025-09-21 23:21:45 - bot_service.bot - INFO - Joined channel: yourchy
2025-09-21 23:21:48 - bot_service - INFO - Bot instance already exists
2025-09-21 23:21:48 - bot_service - INFO - Attempting to join channel: yourchy
2025-09-21 23:21:48 - bot_service.bot - INFO - Joined channel: yourchy
2025-09-21 23:21:48 - bot_service - INFO - Successfully connected to channel: yourchy
2025-09-21 23:21:48 - bot_service - INFO - Bot instance already exists
2025-09-21 23:21:48 - bot_service - INFO - Attempting to join channel: yourchy
2025-09-21 23:21:48 - bot_service.bot - INFO - Joined channel: yourchy
2025-09-21 23:21:48 - bot_service - INFO - Successfully connected to channel: yourchy
2025-09-21 23:21:48 - bot_service.bot - INFO - Joined channel: yourchy
2025-09-21 23:21:48 - bot_service.bot - INFO - Joined channel: yourchy
2025-09-21 23:21:52 - bot_service - INFO - Bot instance already exists
2025-09-21 23:21:52 - bot_service - INFO - Attempting to join channel: yourchy
2025-09-21 23:21:52 - bot_service.bot - INFO - Joined channel: yourchy
2025-09-21 23:21:52 - bot_service - INFO - Successfully connected to channel: yourchy
2025-09-21 23:21:52 - bot_service - INFO - Bot instance already exists
2025-09-21 23:21:52 - bot_service - INFO - Attempting to join channel: yourchy
2025-09-21 23:21:52 - bot_service.bot - INFO - Joined channel: yourchy
2025-09-21 23:21:52 - bot_service - INFO - Successfully connected to channel: yourchy
2025-09-21 23:21:52 - bot_service.bot - INFO - Joined channel: yourchy
2025-09-21 23:21:52 - bot_service.bot - INFO - Joined channel: yourchy
2025-09-21 23:21:58 - bot_service - INFO - Bot instance already exists
2025-09-21 23:21:58 - bot_service - INFO - Attempting to join channel: yourchy
2025-09-21 23:21:58 - bot_service.bot - INFO - Joined channel: yourchy
2025-09-21 23:21:58 - bot_service - INFO - Successfully connected to channel: yourchy
2025-09-21 23:21:58 - bot_service - INFO - Bot instance already exists
2025-09-21 23:21:58 - bot_service - INFO - Attempting to join channel: yourchy
2025-09-21 23:21:58 - bot_service.bot - INFO - Joined channel: yourchy
2025-09-21 23:21:58 - bot_service - INFO - Successfully connected to channel: yourchy
2025-09-21 23:21:58 - bot_service.bot - INFO - Joined channel: yourchy
2025-09-21 23:21:58 - bot_service.bot - INFO - Joined channel: yourchy
2025-09-21 23:22:02 - bot_service - INFO - Bot instance already exists
2025-09-21 23:22:02 - bot_service - INFO - Attempting to join channel: yourchy
2025-09-21 23:22:02 - bot_service.bot - INFO - Joined channel: yourchy
2025-09-21 23:22:02 - bot_service - INFO - Successfully connected to channel: yourchy
2025-09-21 23:22:02 - bot_service - INFO - Bot instance already exists
2025-09-21 23:22:02 - bot_service - INFO - Attempting to join channel: yourchy
2025-09-21 23:22:02 - bot_service.bot - INFO - Joined channel: yourchy
2025-09-21 23:22:02 - bot_service - INFO - Successfully connected to channel: yourchy
2025-09-21 23:22:02 - bot_service.bot - INFO - Joined channel: yourchy
2025-09-21 23:22:02 - bot_service.bot - INFO - Joined channel: yourchy
2025-09-21 23:22:03 - bot_service - INFO - Bot instance already exists
2025-09-21 23:22:03 - bot_service - INFO - Attempting to join channel: yourchy
2025-09-21 23:22:03 - bot_service.bot - INFO - Joined channel: yourchy
2025-09-21 23:22:03 - bot_service - INFO - Successfully connected to channel: yourchy
2025-09-21 23:22:03 - bot_service - INFO - Bot instance already exists
2025-09-21 23:22:03 - bot_service - INFO - Attempting to join channel: yourchy
2025-09-21 23:22:03 - bot_service.bot - INFO - Joined channel: yourchy
2025-09-21 23:22:03 - bot_service - INFO - Successfully connected to channel: yourchy
2025-09-21 23:22:03 - bot_service.bot - INFO - Joined channel: yourchy
2025-09-21 23:22:03 - bot_service.bot - INFO - Joined channel: yourchy
2025-09-21 23:22:06 - bot_service - INFO - Bot instance already exists
2025-09-21 23:22:06 - bot_service - INFO - Attempting to join channel: yourchy
2025-09-21 23:22:06 - bot_service.bot - INFO - Joined channel: yourchy
2025-09-21 23:22:06 - bot_service - INFO - Successfully connected to channel: yourchy
2025-09-21 23:22:06 - bot_service - INFO - Bot instance already exists
2025-09-21 23:22:06 - bot_service - INFO - Attempting to join channel: yourchy
2025-09-21 23:22:06 - bot_service.bot - INFO - Joined channel: yourchy
2025-09-21 23:22:06 - bot_service - INFO - Successfully connected to channel: yourchy
2025-09-21 23:22:06 - bot_service.bot - INFO - Joined channel: yourchy
2025-09-21 23:22:06 - bot_service.bot - INFO - Joined channel: yourchy
2025-09-21 23:22:09 - bot_service - INFO - Bot instance already exists
2025-09-21 23:22:09 - bot_service - INFO - Attempting to join channel: yourchy
2025-09-21 23:22:09 - bot_service.bot - INFO - Joined channel: yourchy
2025-09-21 23:22:09 - bot_service - INFO - Successfully connected to channel: yourchy
2025-09-21 23:22:09 - bot_service - INFO - Bot instance already exists
2025-09-21 23:22:09 - bot_service - INFO - Attempting to join channel: yourchy
2025-09-21 23:22:09 - bot_service.bot - INFO - Joined channel: yourchy
2025-09-21 23:22:09 - bot_service - INFO - Successfully connected to channel: yourchy
2025-09-21 23:22:09 - bot_service.bot - INFO - Joined channel: yourchy
2025-09-21 23:22:09 - bot_service.bot - INFO - Joined channel: yourchy
2025-09-21 23:22:15 - bot_service - INFO - Bot instance already exists
2025-09-21 23:22:15 - bot_service - INFO - Attempting to join channel: yourchy
2025-09-21 23:22:15 - bot_service.bot - INFO - Joined channel: yourchy
2025-09-21 23:22:15 - bot_service - INFO - Successfully connected to channel: yourchy
2025-09-21 23:22:15 - bot_service - INFO - Bot instance already exists
2025-09-21 23:22:15 - bot_service - INFO - Attempting to join channel: yourchy
2025-09-21 23:22:15 - bot_service.bot - INFO - Joined channel: yourchy
2025-09-21 23:22:15 - bot_service - INFO - Successfully connected to channel: yourchy
2025-09-21 23:22:15 - bot_service.bot - INFO - Joined channel: yourchy
2025-09-21 23:22:15 - bot_service.bot - INFO - Joined channel: yourchy
2025-09-21 23:22:17 - bot_service - INFO - Bot instance already exists
2025-09-21 23:22:17 - bot_service - INFO - Attempting to join channel: yourchy
2025-09-21 23:22:17 - bot_service.bot - INFO - Joined channel: yourchy
2025-09-21 23:22:17 - bot_service - INFO - Successfully connected to channel: yourchy
2025-09-21 23:22:17 - bot_service - INFO - Bot instance already exists
2025-09-21 23:22:17 - bot_service - INFO - Attempting to join channel: yourchy
2025-09-21 23:22:17 - bot_service.bot - INFO - Joined channel: yourchy
2025-09-21 23:22:17 - bot_service - INFO - Successfully connected to channel: yourchy
2025-09-21 23:22:17 - bot_service.bot - INFO - Joined channel: yourchy
2025-09-21 23:22:17 - bot_service.bot - INFO - Joined channel: yourchy
2025-09-21 23:22:23 - bot_service - INFO - Bot instance already exists
2025-09-21 23:22:23 - bot_service - INFO - Attempting to join channel: yourchy
2025-09-21 23:22:23 - bot_service.bot - INFO - Joined channel: yourchy
2025-09-21 23:22:23 - bot_service - INFO - Successfully connected to channel: yourchy
2025-09-21 23:22:23 - bot_service - INFO - Bot instance already exists
2025-09-21 23:22:23 - bot_service - INFO - Attempting to join channel: yourchy
2025-09-21 23:22:23 - bot_service.bot - INFO - Joined channel: yourchy
2025-09-21 23:22:23 - bot_service - INFO - Successfully connected to channel: yourchy
2025-09-21 23:22:24 - bot_service.bot - INFO - Joined channel: yourchy
2025-09-21 23:22:24 - bot_service.bot - INFO - Joined channel: yourchy
2025-09-21 23:22:27 - bot_service - INFO - Bot instance already exists
2025-09-21 23:22:27 - bot_service - INFO - Attempting to join channel: yourchy
2025-09-21 23:22:27 - bot_service.bot - INFO - Joined channel: yourchy
2025-09-21 23:22:27 - bot_service - INFO - Successfully connected to channel: yourchy
2025-09-21 23:22:27 - bot_service - INFO - Bot instance already exists
2025-09-21 23:22:27 - bot_service - INFO - Attempting to join channel: yourchy
2025-09-21 23:22:27 - bot_service.bot - INFO - Joined channel: yourchy
2025-09-21 23:22:27 - bot_service - INFO - Successfully connected to channel: yourchy
2025-09-21 23:22:27 - bot_service.bot - INFO - Joined channel: yourchy
2025-09-21 23:22:27 - bot_service.bot - INFO - Joined channel: yourchy
2025-09-21 23:22:30 - bot_service - INFO - Bot instance already exists
2025-09-21 23:22:30 - bot_service - INFO - Attempting to join channel: yourchy
2025-09-21 23:22:30 - bot_service.bot - INFO - Joined channel: yourchy
2025-09-21 23:22:30 - bot_service - INFO - Successfully connected to channel: yourchy
2025-09-21 23:22:30 - bot_service - INFO - Bot instance already exists
2025-09-21 23:22:30 - bot_service - INFO - Attempting to join channel: yourchy
2025-09-21 23:22:30 - bot_service.bot - INFO - Joined channel: yourchy
2025-09-21 23:22:30 - bot_service - INFO - Successfully connected to channel: yourchy
2025-09-21 23:22:30 - bot_service.bot - INFO - Joined channel: yourchy
2025-09-21 23:22:30 - bot_service.bot - INFO - Joined channel: yourchy
2025-09-21 23:22:34 - bot_service - INFO - Bot instance already exists
2025-09-21 23:22:34 - bot_service - INFO - Attempting to join channel: yourchy
2025-09-21 23:22:34 - bot_service.bot - INFO - Joined channel: yourchy
2025-09-21 23:22:34 - bot_service - INFO - Successfully connected to channel: yourchy
2025-09-21 23:22:34 - bot_service - INFO - Bot instance already exists
2025-09-21 23:22:34 - bot_service - INFO - Attempting to join channel: yourchy
2025-09-21 23:22:34 - bot_service.bot - INFO - Joined channel: yourchy
2025-09-21 23:22:34 - bot_service - INFO - Successfully connected to channel: yourchy
2025-09-21 23:22:34 - bot_service.bot - INFO - Joined channel: yourchy
2025-09-21 23:22:34 - bot_service.bot - INFO - Joined channel: yourchy
2025-09-21 23:22:36 - bot_service - INFO - Bot instance already exists
2025-09-21 23:22:36 - bot_service - INFO - Attempting to join channel: yourchy
2025-09-21 23:22:36 - bot_service.bot - INFO - Joined channel: yourchy
2025-09-21 23:22:36 - bot_service - INFO - Successfully connected to channel: yourchy
2025-09-21 23:22:36 - bot_service - INFO - Bot instance already exists
2025-09-21 23:22:36 - bot_service - INFO - Attempting to join channel: yourchy
2025-09-21 23:22:36 - bot_service.bot - INFO - Joined channel: yourchy
2025-09-21 23:22:36 - bot_service - INFO - Successfully connected to channel: yourchy
2025-09-21 23:22:36 - bot_service.bot - INFO - Joined channel: yourchy
2025-09-21 23:22:36 - bot_service.bot - INFO - Joined channel: yourchy
2025-09-21 23:22:48 - bot_service - INFO - Bot instance already exists
2025-09-21 23:22:48 - bot_service - INFO - Attempting to join channel: yourchy
2025-09-21 23:22:48 - bot_service.bot - INFO - Joined channel: yourchy
2025-09-21 23:22:48 - bot_service - INFO - Successfully connected to channel: yourchy
2025-09-21 23:22:48 - bot_service - INFO - Bot instance already exists
2025-09-21 23:22:48 - bot_service - INFO - Attempting to join channel: yourchy
2025-09-21 23:22:48 - bot_service.bot - INFO - Joined channel: yourchy
2025-09-21 23:22:48 - bot_service - INFO - Successfully connected to channel: yourchy
2025-09-21 23:22:48 - bot_service.bot - INFO - Joined channel: yourchy
2025-09-21 23:22:48 - bot_service.bot - INFO - Joined channel: yourchy
2025-09-21 23:24:43 - bot_service - INFO - Bot instance already exists
2025-09-21 23:24:43 - bot_service - INFO - Attempting to join channel: yourchy
2025-09-21 23:24:43 - bot_service.bot - INFO - Joined channel: yourchy
2025-09-21 23:24:43 - bot_service - INFO - Successfully connected to channel: yourchy
2025-09-21 23:24:43 - bot_service - INFO - Bot instance already exists
2025-09-21 23:24:43 - bot_service - INFO - Attempting to join channel: yourchy
2025-09-21 23:24:43 - bot_service.bot - INFO - Joined channel: yourchy
2025-09-21 23:24:43 - bot_service - INFO - Successfully connected to channel: yourchy
2025-09-21 23:24:43 - bot_service.bot - INFO - Joined channel: yourchy
2025-09-21 23:24:43 - bot_service.bot - INFO - Joined channel: yourchy
2025-09-21 23:24:52 - bot_service - INFO - Bot instance already exists
2025-09-21 23:24:52 - bot_service - INFO - Attempting to join channel: yourchy
2025-09-21 23:24:52 - bot_service.bot - INFO - Joined channel: yourchy
2025-09-21 23:24:52 - bot_service - INFO - Successfully connected to channel: yourchy
2025-09-21 23:24:52 - bot_service - INFO - Bot instance already exists
2025-09-21 23:24:52 - bot_service - INFO - Attempting to join channel: yourchy
2025-09-21 23:24:52 - bot_service.bot - INFO - Joined channel: yourchy
2025-09-21 23:24:52 - bot_service - INFO - Successfully connected to channel: yourchy
2025-09-21 23:24:53 - bot_service.bot - INFO - Joined channel: yourchy
2025-09-21 23:24:53 - bot_service.bot - INFO - Joined channel: yourchy
2025-09-21 23:25:50 - bot_service - INFO - Bot instance already exists
2025-09-21 23:25:50 - bot_service - INFO - Attempting to join channel: yourchy
2025-09-21 23:25:50 - bot_service.bot - INFO - Joined channel: yourchy
2025-09-21 23:25:50 - bot_service - INFO - Successfully connected to channel: yourchy
2025-09-21 23:25:50 - bot_service - INFO - Bot instance already exists
2025-09-21 23:25:50 - bot_service - INFO - Attempting to join channel: yourchy
2025-09-21 23:25:50 - bot_service.bot - INFO - Joined channel: yourchy
2025-09-21 23:25:50 - bot_service - INFO - Successfully connected to channel: yourchy
2025-09-21 23:25:51 - bot_service.bot - INFO - Joined channel: yourchy
2025-09-21 23:25:51 - bot_service.bot - INFO - Joined channel: yourchy
2025-09-21 23:26:05 - bot_service - INFO - Bot instance already exists
2025-09-21 23:26:05 - bot_service - INFO - Attempting to join channel: yourchy
2025-09-21 23:26:05 - bot_service.bot - INFO - Joined channel: yourchy
2025-09-21 23:26:05 - bot_service - INFO - Successfully connected to channel: yourchy
2025-09-21 23:26:05 - bot_service - INFO - Bot instance already exists
2025-09-21 23:26:05 - bot_service - INFO - Attempting to join channel: yourchy
2025-09-21 23:26:05 - bot_service.bot - INFO - Joined channel: yourchy
2025-09-21 23:26:05 - bot_service - INFO - Successfully connected to channel: yourchy
2025-09-21 23:26:05 - bot_service.bot - INFO - Joined channel: yourchy
2025-09-21 23:26:05 - bot_service.bot - INFO - Joined channel: yourchy
2025-09-21 23:26:13 - bot_service - INFO - Bot instance already exists
2025-09-21 23:26:13 - bot_service - INFO - Attempting to join channel: yourchy
2025-09-21 23:26:13 - bot_service.bot - INFO - Joined channel: yourchy
2025-09-21 23:26:13 - bot_service - INFO - Successfully connected to channel: yourchy
2025-09-21 23:26:13 - bot_service - INFO - Bot instance already exists
2025-09-21 23:26:13 - bot_service - INFO - Attempting to join channel: yourchy
2025-09-21 23:26:13 - bot_service.bot - INFO - Joined channel: yourchy
2025-09-21 23:26:13 - bot_service - INFO - Successfully connected to channel: yourchy
2025-09-21 23:26:13 - bot_service.bot - INFO - Joined channel: yourchy
2025-09-21 23:26:13 - bot_service.bot - INFO - Joined channel: yourchy
2025-09-21 23:26:16 - bot_service - INFO - Bot instance already exists
2025-09-21 23:26:16 - bot_service - INFO - Attempting to join channel: yourchy
2025-09-21 23:26:16 - bot_service.bot - INFO - Joined channel: yourchy
2025-09-21 23:26:16 - bot_service - INFO - Successfully connected to channel: yourchy
2025-09-21 23:26:16 - bot_service - INFO - Bot instance already exists
2025-09-21 23:26:16 - bot_service - INFO - Attempting to join channel: yourchy
2025-09-21 23:26:16 - bot_service.bot - INFO - Joined channel: yourchy
2025-09-21 23:26:16 - bot_service - INFO - Successfully connected to channel: yourchy
2025-09-21 23:26:17 - bot_service.bot - INFO - Joined channel: yourchy
2025-09-21 23:26:17 - bot_service.bot - INFO - Joined channel: yourchy
2025-09-21 23:26:19 - bot_service - INFO - Bot instance already exists
2025-09-21 23:26:19 - bot_service - INFO - Attempting to join channel: yourchy
2025-09-21 23:26:19 - bot_service.bot - INFO - Joined channel: yourchy
2025-09-21 23:26:19 - bot_service - INFO - Successfully connected to channel: yourchy
2025-09-21 23:26:19 - bot_service - INFO - Bot instance already exists
2025-09-21 23:26:19 - bot_service - INFO - Attempting to join channel: yourchy
2025-09-21 23:26:19 - bot_service.bot - INFO - Joined channel: yourchy
2025-09-21 23:26:19 - bot_service - INFO - Successfully connected to channel: yourchy
2025-09-21 23:26:19 - bot_service.bot - INFO - Joined channel: yourchy
2025-09-21 23:26:20 - bot_service.bot - INFO - Joined channel: yourchy
2025-09-21 23:26:23 - bot_service - INFO - Bot instance already exists
2025-09-21 23:26:23 - bot_service - INFO - Attempting to join channel: yourchy
2025-09-21 23:26:23 - bot_service.bot - INFO - Joined channel: yourchy
2025-09-21 23:26:23 - bot_service - INFO - Successfully connected to channel: yourchy
2025-09-21 23:26:23 - bot_service - INFO - Bot instance already exists
2025-09-21 23:26:23 - bot_service - INFO - Attempting to join channel: yourchy
2025-09-21 23:26:23 - bot_service.bot - INFO - Joined channel: yourchy
2025-09-21 23:26:23 - bot_service - INFO - Successfully connected to channel: yourchy
2025-09-21 23:26:23 - bot_service.bot - INFO - Joined channel: yourchy
2025-09-21 23:26:23 - bot_service.bot - INFO - Joined channel: yourchy
2025-09-21 23:26:27 - bot_service - INFO - Bot instance already exists
2025-09-21 23:26:27 - bot_service - INFO - Attempting to join channel: yourchy
2025-09-21 23:26:27 - bot_service.bot - INFO - Joined channel: yourchy
2025-09-21 23:26:27 - bot_service - INFO - Successfully connected to channel: yourchy
2025-09-21 23:26:27 - bot_service - INFO - Bot instance already exists
2025-09-21 23:26:27 - bot_service - INFO - Attempting to join channel: yourchy
2025-09-21 23:26:27 - bot_service.bot - INFO - Joined channel: yourchy
2025-09-21 23:26:27 - bot_service - INFO - Successfully connected to channel: yourchy
2025-09-21 23:26:27 - bot_service.bot - INFO - Joined channel: yourchy
2025-09-21 23:26:27 - bot_service.bot - INFO - Joined channel: yourchy
2025-09-21 23:26:35 - bot_service - INFO - Bot instance already exists
2025-09-21 23:26:35 - bot_service - INFO - Attempting to join channel: yourchy
2025-09-21 23:26:35 - bot_service.bot - INFO - Joined channel: yourchy
2025-09-21 23:26:35 - bot_service - INFO - Successfully connected to channel: yourchy
2025-09-21 23:26:35 - bot_service - INFO - Bot instance already exists
2025-09-21 23:26:35 - bot_service - INFO - Attempting to join channel: yourchy
2025-09-21 23:26:35 - bot_service.bot - INFO - Joined channel: yourchy
2025-09-21 23:26:35 - bot_service - INFO - Successfully connected to channel: yourchy
2025-09-21 23:26:35 - bot_service.bot - INFO - Joined channel: yourchy
2025-09-21 23:26:35 - bot_service.bot - INFO - Joined channel: yourchy
2025-09-21 23:26:38 - bot_service - INFO - Bot instance already exists
2025-09-21 23:26:38 - bot_service - INFO - Attempting to join channel: yourchy
2025-09-21 23:26:38 - bot_service.bot - INFO - Joined channel: yourchy
2025-09-21 23:26:38 - bot_service - INFO - Successfully connected to channel: yourchy
2025-09-21 23:26:38 - bot_service - INFO - Bot instance already exists
2025-09-21 23:26:38 - bot_service - INFO - Attempting to join channel: yourchy
2025-09-21 23:26:38 - bot_service.bot - INFO - Joined channel: yourchy
2025-09-21 23:26:38 - bot_service - INFO - Successfully connected to channel: yourchy
2025-09-21 23:26:38 - bot_service.bot - INFO - Joined channel: yourchy
2025-09-21 23:26:38 - bot_service.bot - INFO - Joined channel: yourchy
2025-09-21 23:26:42 - bot_service - INFO - Bot instance already exists
2025-09-21 23:26:42 - bot_service - INFO - Attempting to join channel: yourchy
2025-09-21 23:26:42 - bot_service.bot - INFO - Joined channel: yourchy
2025-09-21 23:26:42 - bot_service - INFO - Successfully connected to channel: yourchy
2025-09-21 23:26:42 - bot_service - INFO - Bot instance already exists
2025-09-21 23:26:42 - bot_service - INFO - Attempting to join channel: yourchy
2025-09-21 23:26:42 - bot_service.bot - INFO - Joined channel: yourchy
2025-09-21 23:26:42 - bot_service - INFO - Successfully connected to channel: yourchy
2025-09-21 23:26:42 - bot_service.bot - INFO - Joined channel: yourchy
2025-09-21 23:26:42 - bot_service.bot - INFO - Joined channel: yourchy
2025-09-21 23:26:45 - bot_service - INFO - Bot instance already exists
2025-09-21 23:26:45 - bot_service - INFO - Attempting to join channel: yourchy
2025-09-21 23:26:45 - bot_service.bot - INFO - Joined channel: yourchy
2025-09-21 23:26:45 - bot_service - INFO - Successfully connected to channel: yourchy
2025-09-21 23:26:45 - bot_service - INFO - Bot instance already exists
2025-09-21 23:26:45 - bot_service - INFO - Attempting to join channel: yourchy
2025-09-21 23:26:45 - bot_service.bot - INFO - Joined channel: yourchy
2025-09-21 23:26:45 - bot_service - INFO - Successfully connected to channel: yourchy
2025-09-21 23:26:45 - bot_service.bot - INFO - Joined channel: yourchy
2025-09-21 23:26:45 - bot_service.bot - INFO - Joined channel: yourchy
2025-09-21 23:27:22 - bot_service - INFO - Bot instance already exists
2025-09-21 23:27:22 - bot_service - INFO - Attempting to join channel: yourchy
2025-09-21 23:27:22 - bot_service.bot - INFO - Joined channel: yourchy
2025-09-21 23:27:22 - bot_service - INFO - Successfully connected to channel: yourchy
2025-09-21 23:27:23 - bot_service - INFO - Bot instance already exists
2025-09-21 23:27:23 - bot_service - INFO - Attempting to join channel: yourchy
2025-09-21 23:27:23 - bot_service.bot - INFO - Joined channel: yourchy
2025-09-21 23:27:23 - bot_service - INFO - Successfully connected to channel: yourchy
2025-09-21 23:27:23 - bot_service.bot - INFO - Joined channel: yourchy
2025-09-21 23:27:23 - bot_service.bot - INFO - Joined channel: yourchy
2025-09-21 23:27:33 - bot_service - INFO - Bot instance already exists
2025-09-21 23:27:33 - bot_service - INFO - Attempting to join channel: yourchy
2025-09-21 23:27:33 - bot_service.bot - INFO - Joined channel: yourchy
2025-09-21 23:27:33 - bot_service - INFO - Successfully connected to channel: yourchy
2025-09-21 23:27:33 - bot_service - INFO - Bot instance already exists
2025-09-21 23:27:33 - bot_service - INFO - Attempting to join channel: yourchy
2025-09-21 23:27:33 - bot_service.bot - INFO - Joined channel: yourchy
2025-09-21 23:27:33 - bot_service - INFO - Successfully connected to channel: yourchy
2025-09-21 23:27:33 - bot_service.bot - INFO - Joined channel: yourchy
2025-09-21 23:27:33 - bot_service.bot - INFO - Joined channel: yourchy
2025-09-21 23:27:37 - bot_service - INFO - Bot instance already exists
2025-09-21 23:27:37 - bot_service - INFO - Attempting to join channel: yourchy
2025-09-21 23:27:37 - bot_service.bot - INFO - Joined channel: yourchy
2025-09-21 23:27:37 - bot_service - INFO - Successfully connected to channel: yourchy
2025-09-21 23:27:37 - bot_service - INFO - Bot instance already exists
2025-09-21 23:27:37 - bot_service - INFO - Attempting to join channel: yourchy
2025-09-21 23:27:37 - bot_service.bot - INFO - Joined channel: yourchy
2025-09-21 23:27:37 - bot_service - INFO - Successfully connected to channel: yourchy
2025-09-21 23:27:37 - bot_service.bot - INFO - Joined channel: yourchy
2025-09-21 23:27:37 - bot_service.bot - INFO - Joined channel: yourchy
2025-09-21 23:27:45 - bot_service - INFO - Bot instance already exists
2025-09-21 23:27:45 - bot_service - INFO - Attempting to join channel: yourchy
2025-09-21 23:27:45 - bot_service.bot - INFO - Joined channel: yourchy
2025-09-21 23:27:45 - bot_service - INFO - Successfully connected to channel: yourchy
2025-09-21 23:27:45 - bot_service - INFO - Bot instance already exists
2025-09-21 23:27:45 - bot_service - INFO - Attempting to join channel: yourchy
2025-09-21 23:27:45 - bot_service.bot - INFO - Joined channel: yourchy
2025-09-21 23:27:45 - bot_service - INFO - Successfully connected to channel: yourchy
2025-09-21 23:27:45 - bot_service.bot - INFO - Joined channel: yourchy
2025-09-21 23:27:45 - bot_service.bot - INFO - Joined channel: yourchy
2025-09-21 23:31:13 - bot_service - INFO - Bot instance already exists
2025-09-21 23:31:13 - bot_service - INFO - Attempting to join channel: yourchy
2025-09-21 23:31:13 - bot_service.bot - INFO - Joined channel: yourchy
2025-09-21 23:31:13 - bot_service - INFO - Successfully connected to channel: yourchy
2025-09-21 23:31:13 - bot_service - INFO - Bot instance already exists
2025-09-21 23:31:13 - bot_service - INFO - Attempting to join channel: yourchy
2025-09-21 23:31:13 - bot_service.bot - INFO - Joined channel: yourchy
2025-09-21 23:31:13 - bot_service - INFO - Successfully connected to channel: yourchy
2025-09-21 23:31:14 - bot_service.bot - INFO - Joined channel: yourchy
2025-09-21 23:31:14 - bot_service.bot - INFO - Joined channel: yourchy
2025-09-21 23:33:01 - bot_service - INFO - 🛑 BOT_SERVICE ОСТАНОВЛЕН
2025-09-21 23:33:01 - bot_service - INFO - ⏰ Время: 2025-09-21 23:33:01
2025-09-21 23:33:03 - bot_service - INFO - === BOT SERVICE STARTED ===
2025-09-21 23:33:03 - bot_service - INFO - ==================================================
2025-09-21 23:33:03 - bot_service - INFO - СИСТЕМА ЗАПУЩЕНА - 2025-09-21 23:33:03
2025-09-21 23:33:03 - bot_service - INFO - ==================================================
2025-09-21 23:33:03 - bot_service - INFO - Python версия: 3.10.0 (tags/v3.10.0:b494f59, Oct  4 2021, 19:00:18) [MSC v.1929 64 bit (AMD64)]
2025-09-21 23:33:03 - bot_service - INFO - Платформа: Windows-10-10.0.26100-SP0
2025-09-21 23:33:03 - bot_service - INFO - Архитектура: ('64bit', 'WindowsPE')
2025-09-21 23:33:03 - bot_service - INFO - Процессор: AMD64 Family 25 Model 33 Stepping 2, AuthenticAMD
2025-09-21 23:33:03 - bot_service - INFO - Рабочая директория: H:\Programming\raw_code\AI\Python\TTS_TTV_0.02\bot_service
2025-09-21 23:33:03 - bot_service - INFO - ==================================================
2025-09-21 23:33:03 - bot_service - INFO - 🚀 BOT_SERVICE ЗАПУЩЕН
2025-09-21 23:33:03 - bot_service - INFO - 🌐 Порт: 8000
2025-09-21 23:33:03 - bot_service - INFO - 📁 Логи: logs/bot_service.log
2025-09-21 23:33:03 - bot_service - INFO - ⏰ Время: 2025-09-21 23:33:03
2025-09-21 23:33:03 - bot_service.database - INFO - ✅ База данных успешно инициализирована.
2025-09-21 23:33:46 - bot_service - INFO - Creating new bot instance...
2025-09-21 23:33:46 - bot_service - INFO - Bot instance created, starting bot...
2025-09-21 23:33:48 - bot_service.bot - INFO - Bot logged in as payedviewer
2025-09-21 23:33:48 - bot_service.bot - INFO - Bot user id: 1317705797
2025-09-21 23:33:48 - bot_service.bot - INFO - Connected to channels: []
2025-09-21 23:33:48 - bot_service - INFO - Bot startup task created
2025-09-21 23:33:48 - bot_service - INFO - Attempting to join channel: yourchy
2025-09-21 23:33:48 - bot_service.bot - INFO - Joined channel: yourchy
2025-09-21 23:33:48 - bot_service - INFO - Successfully connected to channel: yourchy
2025-09-21 23:33:48 - bot_service.bot - INFO - Joined channel: yourchy
2025-09-22 09:31:32 - bot_service - INFO - 🛑 BOT_SERVICE ОСТАНОВЛЕН
2025-09-22 09:31:32 - bot_service - INFO - ⏰ Время: 2025-09-22 09:31:32
2025-09-22 09:34:27 - bot_service - INFO - === BOT SERVICE STARTED ===
2025-09-22 09:34:27 - bot_service - INFO - ==================================================
2025-09-22 09:34:27 - bot_service - INFO - СИСТЕМА ЗАПУЩЕНА - 2025-09-22 09:34:27
2025-09-22 09:34:27 - bot_service - INFO - ==================================================
2025-09-22 09:34:27 - bot_service - INFO - Python версия: 3.10.0 (tags/v3.10.0:b494f59, Oct  4 2021, 19:00:18) [MSC v.1929 64 bit (AMD64)]
2025-09-22 09:34:27 - bot_service - INFO - Платформа: Windows-10-10.0.26100-SP0
2025-09-22 09:34:27 - bot_service - INFO - Архитектура: ('64bit', 'WindowsPE')
2025-09-22 09:34:27 - bot_service - INFO - Процессор: AMD64 Family 25 Model 33 Stepping 2, AuthenticAMD
2025-09-22 09:34:27 - bot_service - INFO - Рабочая директория: H:\Programming\raw_code\AI\Python\TTS_TTV_0.02\bot_service
2025-09-22 09:34:27 - bot_service - INFO - ==================================================
2025-09-22 09:34:27 - bot_service - INFO - 🚀 BOT_SERVICE ЗАПУЩЕН
2025-09-22 09:34:27 - bot_service - INFO - 🌐 Порт: 8000
2025-09-22 09:34:27 - bot_service - INFO - 📁 Логи: logs/bot_service.log
2025-09-22 09:34:27 - bot_service - INFO - ⏰ Время: 2025-09-22 09:34:27
2025-09-22 09:34:27 - bot_service.database - INFO - ✅ База данных успешно инициализирована.
2025-09-22 09:37:45 - bot_service - INFO - Creating new bot instance...
2025-09-22 09:37:45 - bot_service - INFO - Bot instance created, starting bot...
2025-09-22 09:37:46 - bot_service.bot - INFO - Bot logged in as payedviewer
2025-09-22 09:37:46 - bot_service.bot - INFO - Bot user id: 1317705797
2025-09-22 09:37:46 - bot_service.bot - INFO - Connected to channels: []
2025-09-22 09:37:47 - bot_service - INFO - Bot startup task created
2025-09-22 09:37:47 - bot_service - INFO - Attempting to join channel: yourchy
2025-09-22 09:37:47 - bot_service.bot - INFO - Joined channel: yourchy
2025-09-22 09:37:47 - bot_service - INFO - Successfully connected to channel: yourchy, verification code: Cj7WvWd5gh0
2025-09-22 09:37:47 - bot_service.bot - INFO - Joined channel: yourchy
2025-09-22 09:37:47 - bot_service - INFO - Bot instance already exists
2025-09-22 09:37:47 - bot_service - INFO - Attempting to join channel: yourchy
2025-09-22 09:37:47 - bot_service.bot - INFO - Joined channel: yourchy
2025-09-22 09:37:47 - bot_service - INFO - Successfully connected to channel: yourchy, verification code: w4mIo26dXcE
2025-09-22 09:37:47 - bot_service - INFO - Bot instance already exists
2025-09-22 09:37:47 - bot_service - INFO - Attempting to join channel: yourchy
2025-09-22 09:37:47 - bot_service.bot - INFO - Joined channel: yourchy
2025-09-22 09:37:47 - bot_service - INFO - Successfully connected to channel: yourchy, verification code: pcrpc4u8FCw
2025-09-22 09:37:48 - bot_service.bot - INFO - Joined channel: yourchy
2025-09-22 09:37:48 - bot_service.bot - INFO - Joined channel: yourchy
2025-09-22 09:37:52 - bot_service - INFO - Bot instance already exists
2025-09-22 09:37:52 - bot_service - INFO - Attempting to join channel: yourchy
2025-09-22 09:37:52 - bot_service.bot - INFO - Joined channel: yourchy
2025-09-22 09:37:52 - bot_service - INFO - Successfully connected to channel: yourchy, verification code: tqhThGLJgWo
2025-09-22 09:37:52 - bot_service - INFO - Bot instance already exists
2025-09-22 09:37:52 - bot_service - INFO - Attempting to join channel: yourchy
2025-09-22 09:37:52 - bot_service.bot - INFO - Joined channel: yourchy
2025-09-22 09:37:52 - bot_service - INFO - Successfully connected to channel: yourchy, verification code: Y6YUJBVGD9k
2025-09-22 09:37:53 - bot_service.bot - INFO - Joined channel: yourchy
2025-09-22 09:37:53 - bot_service.bot - INFO - Joined channel: yourchy
2025-09-22 09:38:00 - bot_service - INFO - Bot instance already exists
2025-09-22 09:38:00 - bot_service - INFO - Attempting to join channel: yourchy
2025-09-22 09:38:00 - bot_service.bot - INFO - Joined channel: yourchy
2025-09-22 09:38:00 - bot_service - INFO - Successfully connected to channel: yourchy, verification code: nyxUGHcDwVs
2025-09-22 09:38:00 - bot_service - INFO - Bot instance already exists
2025-09-22 09:38:00 - bot_service - INFO - Attempting to join channel: yourchy
2025-09-22 09:38:00 - bot_service.bot - INFO - Joined channel: yourchy
2025-09-22 09:38:00 - bot_service - INFO - Successfully connected to channel: yourchy, verification code: Exc94lvTQfc
2025-09-22 09:38:00 - bot_service.bot - INFO - Joined channel: yourchy
2025-09-22 09:38:00 - bot_service.bot - INFO - Joined channel: yourchy
2025-09-22 09:38:02 - bot_service.bot - INFO - Left channel: yourchy
2025-09-22 09:38:43 - bot_service - INFO - Bot instance already exists
2025-09-22 09:38:43 - bot_service - INFO - Attempting to join channel: yourchy
2025-09-22 09:38:43 - bot_service.bot - INFO - Joined channel: yourchy
2025-09-22 09:38:43 - bot_service - INFO - Successfully connected to channel: yourchy, verification code: dryKFWpcNOU
2025-09-22 09:38:43 - bot_service.bot - INFO - Joined channel: yourchy
2025-09-22 09:39:33 - bot_service - INFO - Bot instance already exists
2025-09-22 09:39:33 - bot_service - INFO - Attempting to join channel: yourchy
2025-09-22 09:39:33 - bot_service.bot - INFO - Joined channel: yourchy
2025-09-22 09:39:33 - bot_service - INFO - Successfully connected to channel: yourchy, verification code: gTL2FANSfZI
2025-09-22 09:39:33 - bot_service - INFO - Bot instance already exists
2025-09-22 09:39:33 - bot_service - INFO - Attempting to join channel: yourchy
2025-09-22 09:39:33 - bot_service.bot - INFO - Joined channel: yourchy
2025-09-22 09:39:33 - bot_service - INFO - Successfully connected to channel: yourchy, verification code: yQhGMtfn2ic
2025-09-22 09:39:33 - bot_service.bot - INFO - Joined channel: yourchy
2025-09-22 09:39:33 - bot_service.bot - INFO - Joined channel: yourchy
2025-09-22 09:40:13 - bot_service - INFO - === BOT SERVICE STARTED ===
2025-09-22 09:40:13 - bot_service - INFO - ==================================================
2025-09-22 09:40:13 - bot_service - INFO - СИСТЕМА ЗАПУЩЕНА - 2025-09-22 09:40:13
2025-09-22 09:40:13 - bot_service - INFO - ==================================================
2025-09-22 09:40:13 - bot_service - INFO - Python версия: 3.10.0 (tags/v3.10.0:b494f59, Oct  4 2021, 19:00:18) [MSC v.1929 64 bit (AMD64)]
2025-09-22 09:40:13 - bot_service - INFO - Платформа: Windows-10-10.0.26100-SP0
2025-09-22 09:40:13 - bot_service - INFO - Архитектура: ('64bit', 'WindowsPE')
2025-09-22 09:40:13 - bot_service - INFO - Процессор: AMD64 Family 25 Model 33 Stepping 2, AuthenticAMD
2025-09-22 09:40:13 - bot_service - INFO - Рабочая директория: H:\Programming\raw_code\AI\Python\TTS_TTV_0.02\bot_service
2025-09-22 09:40:13 - bot_service - INFO - ==================================================
2025-09-22 09:40:13 - bot_service - INFO - 🚀 BOT_SERVICE ЗАПУЩЕН
2025-09-22 09:40:13 - bot_service - INFO - 🌐 Порт: 8000
2025-09-22 09:40:13 - bot_service - INFO - 📁 Логи: logs/bot_service.log
2025-09-22 09:40:13 - bot_service - INFO - ⏰ Время: 2025-09-22 09:40:13
2025-09-22 09:40:13 - bot_service.database - INFO - ✅ База данных успешно инициализирована.
2025-09-22 09:42:58 - bot_service - INFO - Creating new bot instance...
2025-09-22 09:42:58 - bot_service - INFO - Bot instance created, starting bot...
2025-09-22 09:43:00 - bot_service.bot - INFO - Bot logged in as payedviewer
2025-09-22 09:43:00 - bot_service.bot - INFO - Bot user id: 1317705797
2025-09-22 09:43:00 - bot_service.bot - INFO - Connected to channels: []
2025-09-22 09:43:00 - bot_service - INFO - Bot startup task created
2025-09-22 09:43:00 - bot_service - INFO - Attempting to join channel: yourchy
2025-09-22 09:43:00 - bot_service.bot - INFO - Joined channel: yourchy
2025-09-22 09:43:00 - bot_service - INFO - Successfully connected to channel: yourchy, verification code: 5hpVUYB_WII
2025-09-22 09:43:01 - bot_service.bot - INFO - Joined channel: yourchy
2025-09-22 09:45:18 - bot_service - INFO - Bot instance already exists
2025-09-22 09:45:18 - bot_service - INFO - Attempting to join channel: testchannel
2025-09-22 09:45:18 - bot_service.bot - INFO - Joined channel: testchannel
2025-09-22 09:45:18 - bot_service - INFO - Successfully connected to channel: testchannel, verification code: znUnrl2WHWg
2025-09-22 09:45:18 - bot_service.bot - INFO - Joined channel: testchannel
2025-09-22 09:45:41 - bot_service - INFO - Bot instance already exists
2025-09-22 09:45:41 - bot_service - INFO - Attempting to join channel: yourchy
2025-09-22 09:45:41 - bot_service.bot - INFO - Joined channel: yourchy
2025-09-22 09:45:41 - bot_service - INFO - Successfully connected to channel: yourchy, verification code: JDTxYxumOWE
2025-09-22 09:45:41 - bot_service - INFO - Bot instance already exists
2025-09-22 09:45:41 - bot_service - INFO - Attempting to join channel: yourchy
2025-09-22 09:45:41 - bot_service.bot - INFO - Joined channel: yourchy
2025-09-22 09:45:41 - bot_service - INFO - Successfully connected to channel: yourchy, verification code: 88a2JOwRhxs
2025-09-22 09:45:42 - bot_service.bot - INFO - Joined channel: yourchy
2025-09-22 09:45:42 - bot_service.bot - INFO - Joined channel: yourchy
2025-09-22 09:45:48 - bot_service - INFO - Bot instance already exists
2025-09-22 09:45:48 - bot_service - INFO - Attempting to join channel: yourchy
2025-09-22 09:45:48 - bot_service.bot - INFO - Joined channel: yourchy
2025-09-22 09:45:48 - bot_service - INFO - Successfully connected to channel: yourchy, verification code: FqZseVVempo
2025-09-22 09:45:48 - bot_service - INFO - Bot instance already exists
2025-09-22 09:45:48 - bot_service - INFO - Attempting to join channel: yourchy
2025-09-22 09:45:48 - bot_service.bot - INFO - Joined channel: yourchy
2025-09-22 09:45:48 - bot_service - INFO - Successfully connected to channel: yourchy, verification code: zNPW7Xd_-iw
2025-09-22 09:45:48 - bot_service.bot - INFO - Joined channel: yourchy
2025-09-22 09:45:48 - bot_service.bot - INFO - Joined channel: yourchy
2025-09-22 09:45:52 - bot_service - INFO - Bot instance already exists
2025-09-22 09:45:52 - bot_service - INFO - Attempting to join channel: yourchy
2025-09-22 09:45:52 - bot_service.bot - INFO - Joined channel: yourchy
2025-09-22 09:45:52 - bot_service - INFO - Successfully connected to channel: yourchy, verification code: R9871F81Isc
2025-09-22 09:45:52 - bot_service - INFO - Bot instance already exists
2025-09-22 09:45:52 - bot_service - INFO - Attempting to join channel: yourchy
2025-09-22 09:45:52 - bot_service.bot - INFO - Joined channel: yourchy
2025-09-22 09:45:52 - bot_service - INFO - Successfully connected to channel: yourchy, verification code: dJVdpKfQb3E
2025-09-22 09:45:52 - bot_service.bot - INFO - Joined channel: yourchy
2025-09-22 09:45:52 - bot_service.bot - INFO - Joined channel: yourchy
2025-09-22 09:45:58 - bot_service.bot - INFO - Left channel: yourchy
2025-09-22 09:46:23 - bot_service - INFO - Bot instance already exists
2025-09-22 09:46:23 - bot_service - INFO - Attempting to join channel: yourchy
2025-09-22 09:46:23 - bot_service.bot - INFO - Joined channel: yourchy
2025-09-22 09:46:23 - bot_service - INFO - Successfully connected to channel: yourchy, verification code: bRWHkOKPAeI
2025-09-22 09:46:23 - bot_service.bot - INFO - Joined channel: yourchy
2025-09-22 09:47:23 - bot_service.bot - WARNING - Verification failed for channel yourchy, disconnecting...
2025-09-22 09:47:23 - bot_service.bot - INFO - Left channel: yourchy
2025-09-22 09:48:16 - bot_service.bot - INFO - Left channel: yourchy
2025-09-22 09:49:01 - bot_service - INFO - 🛑 BOT_SERVICE ОСТАНОВЛЕН
2025-09-22 09:49:01 - bot_service - INFO - ⏰ Время: 2025-09-22 09:49:01
2025-09-22 09:49:04 - bot_service - INFO - === BOT SERVICE STARTED ===
2025-09-22 09:49:04 - bot_service - INFO - ==================================================
2025-09-22 09:49:04 - bot_service - INFO - СИСТЕМА ЗАПУЩЕНА - 2025-09-22 09:49:04
2025-09-22 09:49:04 - bot_service - INFO - ==================================================
2025-09-22 09:49:04 - bot_service - INFO - Python версия: 3.10.0 (tags/v3.10.0:b494f59, Oct  4 2021, 19:00:18) [MSC v.1929 64 bit (AMD64)]
2025-09-22 09:49:04 - bot_service - INFO - Платформа: Windows-10-10.0.26100-SP0
2025-09-22 09:49:04 - bot_service - INFO - Архитектура: ('64bit', 'WindowsPE')
2025-09-22 09:49:04 - bot_service - INFO - Процессор: AMD64 Family 25 Model 33 Stepping 2, AuthenticAMD
2025-09-22 09:49:04 - bot_service - INFO - Рабочая директория: H:\Programming\raw_code\AI\Python\TTS_TTV_0.02\bot_service
2025-09-22 09:49:04 - bot_service - INFO - ==================================================
2025-09-22 09:49:04 - bot_service - INFO - 🚀 BOT_SERVICE ЗАПУЩЕН
2025-09-22 09:49:04 - bot_service - INFO - 🌐 Порт: 8000
2025-09-22 09:49:04 - bot_service - INFO - 📁 Логи: logs/bot_service.log
2025-09-22 09:49:04 - bot_service - INFO - ⏰ Время: 2025-09-22 09:49:04
2025-09-22 09:49:04 - bot_service.database - INFO - ✅ База данных успешно инициализирована.
2025-09-22 09:49:14 - bot_service - INFO - Creating new bot instance...
2025-09-22 09:49:14 - bot_service - INFO - Bot instance created, starting bot...
2025-09-22 09:49:16 - bot_service.bot - INFO - Bot logged in as payedviewer
2025-09-22 09:49:16 - bot_service.bot - INFO - Bot user id: 1317705797
2025-09-22 09:49:16 - bot_service.bot - INFO - Connected to channels: []
2025-09-22 09:49:16 - bot_service - INFO - Bot startup task created
2025-09-22 09:49:16 - bot_service - INFO - Attempting to join channel: yourchy
2025-09-22 09:49:16 - bot_service.bot - INFO - Joined channel: yourchy
2025-09-22 09:49:16 - bot_service - INFO - Successfully connected to channel: yourchy, verification code: MeRi06SisZs
2025-09-22 09:49:16 - bot_service.bot - INFO - Joined channel: yourchy
2025-09-22 09:49:47 - bot_service.bot - INFO - Left channel: yourchy
2025-09-22 09:49:56 - bot_service - INFO - Bot instance already exists
2025-09-22 09:49:56 - bot_service - INFO - Attempting to join channel: yourchy
2025-09-22 09:49:56 - bot_service.bot - INFO - Joined channel: yourchy
2025-09-22 09:49:56 - bot_service - INFO - Successfully connected to channel: yourchy, verification code: Bweqwx9ikn4
2025-09-22 09:49:56 - bot_service.bot - INFO - Joined channel: yourchy
2025-09-22 09:51:28 - bot_service - INFO - Bot instance already exists
2025-09-22 09:51:28 - bot_service - INFO - Attempting to join channel: yourchy
2025-09-22 09:51:28 - bot_service.bot - INFO - Joined channel: yourchy
2025-09-22 09:51:28 - bot_service - INFO - Successfully connected to channel: yourchy, verification code: xgFW0vRr5uU
2025-09-22 09:51:28 - bot_service - INFO - Bot instance already exists
2025-09-22 09:51:28 - bot_service - INFO - Attempting to join channel: yourchy
2025-09-22 09:51:28 - bot_service.bot - INFO - Joined channel: yourchy
2025-09-22 09:51:28 - bot_service - INFO - Successfully connected to channel: yourchy, verification code: 2O2eNxIyWfA
2025-09-22 09:51:29 - bot_service.bot - INFO - Joined channel: yourchy
2025-09-22 09:51:29 - bot_service.bot - INFO - Joined channel: yourchy
2025-09-22 09:51:36 - bot_service - INFO - Bot instance already exists
2025-09-22 09:51:36 - bot_service - INFO - Attempting to join channel: yourchy
2025-09-22 09:51:36 - bot_service.bot - INFO - Joined channel: yourchy
2025-09-22 09:51:36 - bot_service - INFO - Successfully connected to channel: yourchy, verification code: T4YRFoEPlt0
2025-09-22 09:51:36 - bot_service - INFO - Bot instance already exists
2025-09-22 09:51:36 - bot_service - INFO - Attempting to join channel: yourchy
2025-09-22 09:51:36 - bot_service.bot - INFO - Joined channel: yourchy
2025-09-22 09:51:36 - bot_service - INFO - Successfully connected to channel: yourchy, verification code: tpgNT1obB5c
2025-09-22 09:51:36 - bot_service.bot - INFO - Joined channel: yourchy
2025-09-22 09:51:36 - bot_service.bot - INFO - Joined channel: yourchy
2025-09-22 09:51:43 - bot_service - INFO - Bot instance already exists
2025-09-22 09:51:43 - bot_service - INFO - Attempting to join channel: yourchy
2025-09-22 09:51:43 - bot_service.bot - INFO - Joined channel: yourchy
2025-09-22 09:51:43 - bot_service - INFO - Successfully connected to channel: yourchy, verification code: t-X5T_yYI5c
2025-09-22 09:51:43 - bot_service - INFO - Bot instance already exists
2025-09-22 09:51:43 - bot_service - INFO - Attempting to join channel: yourchy
2025-09-22 09:51:43 - bot_service.bot - INFO - Joined channel: yourchy
2025-09-22 09:51:43 - bot_service - INFO - Successfully connected to channel: yourchy, verification code: AA3f9NiMuRQ
2025-09-22 09:51:43 - bot_service.bot - INFO - Joined channel: yourchy
2025-09-22 09:51:43 - bot_service.bot - INFO - Joined channel: yourchy
2025-09-22 09:51:50 - bot_service - INFO - Bot instance already exists
2025-09-22 09:51:50 - bot_service - INFO - Attempting to join channel: yourchy
2025-09-22 09:51:50 - bot_service.bot - INFO - Joined channel: yourchy
2025-09-22 09:51:50 - bot_service - INFO - Successfully connected to channel: yourchy, verification code: pvf0-YptjMM
2025-09-22 09:51:50 - bot_service - INFO - Bot instance already exists
2025-09-22 09:51:50 - bot_service - INFO - Attempting to join channel: yourchy
2025-09-22 09:51:50 - bot_service.bot - INFO - Joined channel: yourchy
2025-09-22 09:51:50 - bot_service - INFO - Successfully connected to channel: yourchy, verification code: iq0c7IWRnJA
2025-09-22 09:51:50 - bot_service.bot - INFO - Joined channel: yourchy
2025-09-22 09:51:51 - bot_service.bot - INFO - Joined channel: yourchy
2025-09-22 09:52:04 - bot_service - INFO - Bot instance already exists
2025-09-22 09:52:04 - bot_service - INFO - Attempting to join channel: yourchy
2025-09-22 09:52:04 - bot_service.bot - INFO - Joined channel: yourchy
2025-09-22 09:52:04 - bot_service - INFO - Successfully connected to channel: yourchy, verification code: FMGzsuL3SIE
2025-09-22 09:52:04 - bot_service - INFO - Bot instance already exists
2025-09-22 09:52:04 - bot_service - INFO - Attempting to join channel: yourchy
2025-09-22 09:52:04 - bot_service.bot - INFO - Joined channel: yourchy
2025-09-22 09:52:04 - bot_service - INFO - Successfully connected to channel: yourchy, verification code: mx1LD_kbNY8
2025-09-22 09:52:04 - bot_service.bot - INFO - Joined channel: yourchy
2025-09-22 09:52:04 - bot_service.bot - INFO - Joined channel: yourchy
2025-09-22 09:52:09 - bot_service.bot - INFO - Left channel: yourchy
2025-09-22 09:52:23 - bot_service - INFO - Bot instance already exists
2025-09-22 09:52:23 - bot_service - INFO - Attempting to join channel: yourchy
2025-09-22 09:52:23 - bot_service.bot - INFO - Joined channel: yourchy
2025-09-22 09:52:23 - bot_service - INFO - Successfully connected to channel: yourchy, verification code: sY78XKVShQ0
2025-09-22 09:52:23 - bot_service.bot - INFO - Joined channel: yourchy
2025-09-22 09:53:46 - bot_service - INFO - Bot instance already exists
2025-09-22 09:53:46 - bot_service - INFO - Attempting to join channel: yourchy
2025-09-22 09:53:46 - bot_service.bot - INFO - Joined channel: yourchy
2025-09-22 09:53:46 - bot_service - INFO - Successfully connected to channel: yourchy, verification code: b08f5umbuhI
2025-09-22 09:53:46 - bot_service - INFO - Bot instance already exists
2025-09-22 09:53:46 - bot_service - INFO - Attempting to join channel: yourchy
2025-09-22 09:53:46 - bot_service.bot - INFO - Joined channel: yourchy
2025-09-22 09:53:46 - bot_service - INFO - Successfully connected to channel: yourchy, verification code: mdwSpb_N0n8
2025-09-22 09:53:47 - bot_service.bot - INFO - Joined channel: yourchy
2025-09-22 09:53:47 - bot_service.bot - INFO - Joined channel: yourchy
2025-09-22 09:54:11 - bot_service.bot - INFO - Left channel: yourchy
2025-09-22 09:54:15 - bot_service - INFO - Bot instance already exists
2025-09-22 09:54:15 - bot_service - INFO - Attempting to join channel: yourchy
2025-09-22 09:54:15 - bot_service.bot - INFO - Joined channel: yourchy
2025-09-22 09:54:15 - bot_service - INFO - Successfully connected to channel: yourchy, verification code: Nl0ZWS6pSCc
2025-09-22 09:54:15 - bot_service.bot - INFO - Joined channel: yourchy
2025-09-22 09:54:46 - bot_service - INFO - Bot instance already exists
2025-09-22 09:54:46 - bot_service - INFO - Attempting to join channel: yourchy
2025-09-22 09:54:46 - bot_service.bot - INFO - Joined channel: yourchy
2025-09-22 09:54:46 - bot_service - INFO - Successfully connected to channel: yourchy, verification code: auNEegfRhis
2025-09-22 09:54:46 - bot_service - INFO - Bot instance already exists
2025-09-22 09:54:46 - bot_service - INFO - Attempting to join channel: yourchy
2025-09-22 09:54:46 - bot_service.bot - INFO - Joined channel: yourchy
2025-09-22 09:54:46 - bot_service - INFO - Successfully connected to channel: yourchy, verification code: ySe0mNqNjDM
2025-09-22 09:54:46 - bot_service.bot - INFO - Joined channel: yourchy
2025-09-22 09:54:46 - bot_service.bot - INFO - Joined channel: yourchy
2025-09-22 09:54:56 - bot_service.bot - INFO - Left channel: yourchy
2025-09-22 09:55:00 - bot_service - INFO - Bot instance already exists
2025-09-22 09:55:00 - bot_service - INFO - Attempting to join channel: yourchy
2025-09-22 09:55:00 - bot_service.bot - INFO - Joined channel: yourchy
2025-09-22 09:55:00 - bot_service - INFO - Successfully connected to channel: yourchy, verification code: ay3Ssna5ssw
2025-09-22 09:55:00 - bot_service.bot - INFO - Joined channel: yourchy
2025-09-22 09:57:17 - bot_service.bot - INFO - Left channel: yourchy
2025-09-22 09:57:21 - bot_service - INFO - Bot instance already exists
2025-09-22 09:57:21 - bot_service - INFO - Attempting to join channel: yourchy
2025-09-22 09:57:21 - bot_service.bot - INFO - Joined channel: yourchy
2025-09-22 09:57:21 - bot_service - INFO - Successfully connected to channel: yourchy, verification code: _GlN1hCUSQM
2025-09-22 09:57:22 - bot_service.bot - INFO - Joined channel: yourchy
2025-09-22 09:57:27 - bot_service - INFO - Bot instance already exists
2025-09-22 09:57:27 - bot_service - INFO - Attempting to join channel: yourchy
2025-09-22 09:57:27 - bot_service.bot - INFO - Joined channel: yourchy
2025-09-22 09:57:27 - bot_service - INFO - Successfully connected to channel: yourchy, verification code: wlENI8adNkQ
2025-09-22 09:57:27 - bot_service.bot - INFO - Joined channel: yourchy
2025-09-22 09:58:02 - bot_service - INFO - Bot instance already exists
2025-09-22 09:58:02 - bot_service - INFO - Attempting to join channel: yourchy
2025-09-22 09:58:02 - bot_service.bot - INFO - Joined channel: yourchy
2025-09-22 09:58:02 - bot_service - INFO - Successfully connected to channel: yourchy, verification code: phCpf5yqGmc
2025-09-22 09:58:02 - bot_service - INFO - Bot instance already exists
2025-09-22 09:58:02 - bot_service - INFO - Attempting to join channel: yourchy
2025-09-22 09:58:02 - bot_service.bot - INFO - Joined channel: yourchy
2025-09-22 09:58:02 - bot_service - INFO - Successfully connected to channel: yourchy, verification code: yubiVddlZQI
2025-09-22 09:58:02 - bot_service.bot - INFO - Joined channel: yourchy
2025-09-22 09:58:02 - bot_service.bot - INFO - Joined channel: yourchy
2025-09-22 09:58:11 - bot_service.bot - INFO - Left channel: yourchy
2025-09-22 10:00:06 - bot_service - INFO - Bot instance already exists
2025-09-22 10:00:06 - bot_service - INFO - Attempting to join channel: yourchy
2025-09-22 10:00:06 - bot_service.bot - INFO - Joined channel: yourchy
2025-09-22 10:00:06 - bot_service - INFO - Successfully connected to channel: yourchy, verification code: Ac8KgMWN-QA
2025-09-22 10:00:06 - bot_service.bot - INFO - Joined channel: yourchy
2025-09-22 10:00:51 - bot_service.connection_manager - INFO - Verification successful for channel yourchy
2025-09-22 10:00:51 - bot_service.bot - INFO - Channel yourchy verified by yourchy
2025-09-22 10:04:16 - bot_service - INFO - Bot instance already exists
2025-09-22 10:04:16 - bot_service - INFO - Attempting to join channel: yourchy
2025-09-22 10:04:16 - bot_service.bot - INFO - Joined channel: yourchy
2025-09-22 10:04:16 - bot_service - INFO - Successfully connected to channel: yourchy, verification code: 4xq6PXEN7Qg
2025-09-22 10:04:16 - bot_service.bot - INFO - Joined channel: yourchy
2025-09-22 10:05:31 - bot_service.bot - WARNING - Verification failed for channel yourchy, disconnecting...
2025-09-22 10:05:31 - bot_service.bot - INFO - Left channel: yourchy
2025-09-22 10:07:09 - bot_service - INFO - Bot instance already exists
2025-09-22 10:07:09 - bot_service - INFO - Attempting to join channel: yourchy
2025-09-22 10:07:09 - bot_service.bot - INFO - Joined channel: yourchy
2025-09-22 10:07:09 - bot_service - INFO - Successfully connected to channel: yourchy, verification code: BlHIGHAVkGk
2025-09-22 10:07:10 - bot_service.bot - INFO - Joined channel: yourchy
2025-09-22 10:07:35 - bot_service.connection_manager - INFO - Verification successful for channel yourchy
2025-09-22 10:07:35 - bot_service.bot - INFO - Channel yourchy verified by yourchy
2025-09-22 10:08:58 - bot_service.bot - WARNING - Verification failed for channel yourchy, disconnecting...
2025-09-22 10:08:58 - bot_service.bot - INFO - Left channel: yourchy
2025-09-22 10:09:00 - bot_service - INFO - Bot instance already exists
2025-09-22 10:09:00 - bot_service - INFO - Attempting to join channel: yourchy
2025-09-22 10:09:00 - bot_service.bot - INFO - Joined channel: yourchy
2025-09-22 10:09:00 - bot_service - INFO - Successfully connected to channel: yourchy, verification code: aShORFtp6Rg
2025-09-22 10:09:00 - bot_service - INFO - Bot instance already exists
2025-09-22 10:09:00 - bot_service - INFO - Attempting to join channel: yourchy
2025-09-22 10:09:00 - bot_service.bot - INFO - Joined channel: yourchy
2025-09-22 10:09:00 - bot_service - INFO - Successfully connected to channel: yourchy, verification code: qrpJWv0AGSw
2025-09-22 10:09:01 - bot_service.bot - INFO - Joined channel: yourchy
2025-09-22 10:09:01 - bot_service.bot - INFO - Joined channel: yourchy
2025-09-22 10:09:05 - bot_service - INFO - Bot instance already exists
2025-09-22 10:09:05 - bot_service - INFO - Attempting to join channel: yourchy
2025-09-22 10:09:05 - bot_service.bot - INFO - Joined channel: yourchy
2025-09-22 10:09:05 - bot_service - INFO - Successfully connected to channel: yourchy, verification code: lALPMqSi6lI
2025-09-22 10:09:05 - bot_service - INFO - Bot instance already exists
2025-09-22 10:09:05 - bot_service - INFO - Attempting to join channel: yourchy
2025-09-22 10:09:05 - bot_service.bot - INFO - Joined channel: yourchy
2025-09-22 10:09:05 - bot_service - INFO - Successfully connected to channel: yourchy, verification code: tPDc0SCmUFQ
2025-09-22 10:09:05 - bot_service.bot - INFO - Joined channel: yourchy
2025-09-22 10:09:05 - bot_service.bot - INFO - Joined channel: yourchy
2025-09-22 10:09:23 - bot_service - INFO - Bot instance already exists
2025-09-22 10:09:23 - bot_service - INFO - Attempting to join channel: yourchy
2025-09-22 10:09:23 - bot_service.bot - INFO - Joined channel: yourchy
2025-09-22 10:09:23 - bot_service - INFO - Successfully connected to channel: yourchy, verification code: Arm6Zzhyrwo
2025-09-22 10:09:23 - bot_service - INFO - Bot instance already exists
2025-09-22 10:09:23 - bot_service - INFO - Attempting to join channel: yourchy
2025-09-22 10:09:23 - bot_service.bot - INFO - Joined channel: yourchy
2025-09-22 10:09:23 - bot_service - INFO - Successfully connected to channel: yourchy, verification code: MyUEvtXNBxo
2025-09-22 10:09:23 - bot_service.bot - INFO - Joined channel: yourchy
2025-09-22 10:09:23 - bot_service.bot - INFO - Joined channel: yourchy
2025-09-22 10:09:31 - bot_service - INFO - Bot instance already exists
2025-09-22 10:09:31 - bot_service - INFO - Attempting to join channel: yourchy
2025-09-22 10:09:31 - bot_service.bot - INFO - Joined channel: yourchy
2025-09-22 10:09:31 - bot_service - INFO - Successfully connected to channel: yourchy, verification code: Bb1MNYzM8B8
2025-09-22 10:09:31 - bot_service - INFO - Bot instance already exists
2025-09-22 10:09:31 - bot_service - INFO - Attempting to join channel: yourchy
2025-09-22 10:09:31 - bot_service.bot - INFO - Joined channel: yourchy
2025-09-22 10:09:31 - bot_service - INFO - Successfully connected to channel: yourchy, verification code: VTKoW0IgS2o
2025-09-22 10:09:31 - bot_service.bot - INFO - Joined channel: yourchy
2025-09-22 10:09:31 - bot_service.bot - INFO - Joined channel: yourchy
2025-09-22 10:09:50 - bot_service - INFO - Bot instance already exists
2025-09-22 10:09:50 - bot_service - INFO - Attempting to join channel: yourchy
2025-09-22 10:09:50 - bot_service.bot - INFO - Joined channel: yourchy
2025-09-22 10:09:50 - bot_service - INFO - Successfully connected to channel: yourchy, verification code: FdD9pQ_UjZA
2025-09-22 10:09:50 - bot_service - INFO - Bot instance already exists
2025-09-22 10:09:50 - bot_service - INFO - Attempting to join channel: yourchy
2025-09-22 10:09:50 - bot_service.bot - INFO - Joined channel: yourchy
2025-09-22 10:09:50 - bot_service - INFO - Successfully connected to channel: yourchy, verification code: tDPApdUJr0E
2025-09-22 10:09:51 - bot_service.bot - INFO - Joined channel: yourchy
2025-09-22 10:09:51 - bot_service.bot - INFO - Joined channel: yourchy
2025-09-22 10:11:29 - bot_service - INFO - 🛑 BOT_SERVICE ОСТАНОВЛЕН
2025-09-22 10:11:29 - bot_service - INFO - ⏰ Время: 2025-09-22 10:11:29
2025-09-22 10:11:32 - bot_service - INFO - === BOT SERVICE STARTED ===
2025-09-22 10:11:32 - bot_service - INFO - ==================================================
2025-09-22 10:11:32 - bot_service - INFO - СИСТЕМА ЗАПУЩЕНА - 2025-09-22 10:11:32
2025-09-22 10:11:32 - bot_service - INFO - ==================================================
2025-09-22 10:11:32 - bot_service - INFO - Python версия: 3.10.0 (tags/v3.10.0:b494f59, Oct  4 2021, 19:00:18) [MSC v.1929 64 bit (AMD64)]
2025-09-22 10:11:32 - bot_service - INFO - Платформа: Windows-10-10.0.26100-SP0
2025-09-22 10:11:32 - bot_service - INFO - Архитектура: ('64bit', 'WindowsPE')
2025-09-22 10:11:32 - bot_service - INFO - Процессор: AMD64 Family 25 Model 33 Stepping 2, AuthenticAMD
2025-09-22 10:11:32 - bot_service - INFO - Рабочая директория: H:\Programming\raw_code\AI\Python\TTS_TTV_0.02\bot_service
2025-09-22 10:11:32 - bot_service - INFO - ==================================================
2025-09-22 10:11:32 - bot_service - INFO - 🚀 BOT_SERVICE ЗАПУЩЕН
2025-09-22 10:11:32 - bot_service - INFO - 🌐 Порт: 8000
2025-09-22 10:11:32 - bot_service - INFO - 📁 Логи: logs/bot_service.log
2025-09-22 10:11:32 - bot_service - INFO - ⏰ Время: 2025-09-22 10:11:32
2025-09-22 10:11:32 - bot_service.database - INFO - ✅ База данных успешно инициализирована.
2025-09-22 10:11:42 - bot_service - INFO - Creating new bot instance...
2025-09-22 10:11:42 - bot_service - INFO - Bot instance created, starting bot...
2025-09-22 10:11:44 - bot_service.bot - INFO - Bot logged in as payedviewer
2025-09-22 10:11:44 - bot_service.bot - INFO - Bot user id: 1317705797
2025-09-22 10:11:44 - bot_service.bot - INFO - Connected to channels: []
2025-09-22 10:11:44 - bot_service - INFO - Bot startup task created
2025-09-22 10:11:44 - bot_service - INFO - Attempting to join channel: yourchy
2025-09-22 10:11:44 - bot_service.bot - INFO - Joined channel: yourchy
2025-09-22 10:11:44 - bot_service - INFO - Successfully connected to channel: yourchy, verification code: -JjcLtTmLkw
2025-09-22 10:11:45 - bot_service.bot - INFO - Joined channel: yourchy
2025-09-22 10:11:57 - bot_service.connection_manager - INFO - Verification successful for channel yourchy
2025-09-22 10:11:57 - bot_service.bot - INFO - Channel yourchy verified by yourchy
2025-09-22 10:12:54 - bot_service.bot - WARNING - Verification failed for channel yourchy, disconnecting...
2025-09-22 10:12:54 - bot_service.bot - INFO - Left channel: yourchy
2025-09-22 10:15:08 - bot_service.bot - INFO - Left channel: yourchy
2025-09-22 10:15:21 - bot_service - INFO - Bot instance already exists
2025-09-22 10:15:21 - bot_service - INFO - Attempting to join channel: yourchy
2025-09-22 10:15:21 - bot_service.bot - INFO - Joined channel: yourchy
2025-09-22 10:15:21 - bot_service - INFO - Successfully connected to channel: yourchy, verification code: Ct8rlMmbd_Q
2025-09-22 10:15:21 - bot_service.bot - INFO - Joined channel: yourchy
2025-09-22 10:16:22 - bot_service.bot - INFO - Left channel: yourchy
2025-09-22 10:16:22 - bot_service.bot - INFO - Left channel: yourchy
2025-09-22 10:18:11 - bot_service - INFO - Bot instance already exists
2025-09-22 10:18:11 - bot_service - INFO - Attempting to join channel: yourchy
2025-09-22 10:18:11 - bot_service.bot - INFO - Joined channel: yourchy
2025-09-22 10:18:11 - bot_service - INFO - Successfully connected to channel: yourchy, verification code: 5776YhM4RNk
2025-09-22 10:18:11 - bot_service.bot - INFO - Joined channel: yourchy
2025-09-22 10:18:18 - bot_service.connection_manager - INFO - Verification successful for channel yourchy
2025-09-22 10:18:18 - bot_service.bot - INFO - Channel yourchy verified by yourchy
2025-09-22 10:19:10 - bot_service - INFO - Bot instance already exists
2025-09-22 10:19:10 - bot_service - INFO - Attempting to join channel: yourchy
2025-09-22 10:19:10 - bot_service.bot - INFO - Joined channel: yourchy
2025-09-22 10:19:10 - bot_service - INFO - Successfully connected to channel: yourchy, verification code: jAfXQyaZ2IY
2025-09-22 10:19:10 - bot_service - INFO - Bot instance already exists
2025-09-22 10:19:10 - bot_service - INFO - Attempting to join channel: yourchy
2025-09-22 10:19:10 - bot_service.bot - INFO - Joined channel: yourchy
2025-09-22 10:19:10 - bot_service - INFO - Successfully connected to channel: yourchy, verification code: VP2PkdIChL4
2025-09-22 10:19:11 - bot_service.bot - INFO - Joined channel: yourchy
2025-09-22 10:19:11 - bot_service.bot - INFO - Joined channel: yourchy
2025-09-22 10:20:24 - bot_service.bot - INFO - Left channel: yourchy
2025-09-22 10:21:17 - bot_service - INFO - Bot instance already exists
2025-09-22 10:21:17 - bot_service - INFO - Attempting to join channel: yourchy
2025-09-22 10:21:17 - bot_service.bot - INFO - Joined channel: yourchy
2025-09-22 10:21:17 - bot_service - INFO - Successfully connected to channel: yourchy, verification code: 2jGXkyX3n44
2025-09-22 10:21:17 - bot_service.bot - INFO - Joined channel: yourchy
2025-09-22 10:21:23 - bot_service.bot - WARNING - Verification failed for channel yourchy, disconnecting...
2025-09-22 10:21:23 - bot_service.bot - INFO - Left channel: yourchy
2025-09-22 10:22:17 - bot_service.bot - INFO - Left channel: yourchy
2025-09-22 10:22:17 - bot_service.bot - INFO - Left channel: yourchy
2025-09-22 10:23:01 - bot_service - INFO - Bot instance already exists
2025-09-22 10:23:01 - bot_service - INFO - Attempting to join channel: yourchy
2025-09-22 10:23:01 - bot_service.bot - INFO - Joined channel: yourchy
2025-09-22 10:23:01 - bot_service - INFO - Successfully connected to channel: yourchy, verification code: 92NNG1bfIcc
2025-09-22 10:23:01 - bot_service.bot - INFO - Joined channel: yourchy
2025-09-22 10:23:12 - bot_service.bot - WARNING - Verification failed for channel yourchy, disconnecting...
2025-09-22 10:23:12 - bot_service.bot - INFO - Left channel: yourchy
2025-09-22 10:23:28 - bot_service - INFO - Bot instance already exists
2025-09-22 10:23:28 - bot_service - INFO - Attempting to join channel: yourchy
2025-09-22 10:23:28 - bot_service.bot - INFO - Joined channel: yourchy
2025-09-22 10:23:28 - bot_service - INFO - Successfully connected to channel: yourchy, verification code: of4nna_-HVs
2025-09-22 10:23:28 - bot_service.bot - INFO - Joined channel: yourchy
2025-09-22 10:23:55 - bot_service.connection_manager - INFO - Verification successful for channel yourchy
2025-09-22 10:23:55 - bot_service.bot - INFO - Channel yourchy verified by ttsbottester
2025-09-22 10:25:23 - bot_service - INFO - 🛑 BOT_SERVICE ОСТАНОВЛЕН
2025-09-22 10:25:23 - bot_service - INFO - ⏰ Время: 2025-09-22 10:25:23
2025-09-22 10:25:28 - bot_service - INFO - === BOT SERVICE STARTED ===
2025-09-22 10:25:29 - bot_service - INFO - ==================================================
2025-09-22 10:25:29 - bot_service - INFO - СИСТЕМА ЗАПУЩЕНА - 2025-09-22 10:25:29
2025-09-22 10:25:29 - bot_service - INFO - ==================================================
2025-09-22 10:25:29 - bot_service - INFO - Python версия: 3.10.0 (tags/v3.10.0:b494f59, Oct  4 2021, 19:00:18) [MSC v.1929 64 bit (AMD64)]
2025-09-22 10:25:29 - bot_service - INFO - Платформа: Windows-10-10.0.26100-SP0
2025-09-22 10:25:29 - bot_service - INFO - Архитектура: ('64bit', 'WindowsPE')
2025-09-22 10:25:29 - bot_service - INFO - Процессор: AMD64 Family 25 Model 33 Stepping 2, AuthenticAMD
2025-09-22 10:25:29 - bot_service - INFO - Рабочая директория: H:\Programming\raw_code\AI\Python\TTS_TTV_0.02\bot_service
2025-09-22 10:25:29 - bot_service - INFO - ==================================================
2025-09-22 10:25:29 - bot_service - INFO - 🚀 BOT_SERVICE ЗАПУЩЕН
2025-09-22 10:25:29 - bot_service - INFO - 🌐 Порт: 8000
2025-09-22 10:25:29 - bot_service - INFO - 📁 Логи: logs/bot_service.log
2025-09-22 10:25:29 - bot_service - INFO - ⏰ Время: 2025-09-22 10:25:29
2025-09-22 10:25:29 - bot_service.database - INFO - ✅ База данных успешно инициализирована.
2025-09-22 10:25:46 - bot_service - INFO - Creating new bot instance...
2025-09-22 10:25:46 - bot_service - INFO - Bot instance created, starting bot...
2025-09-22 10:25:47 - bot_service.bot - INFO - Bot logged in as payedviewer
2025-09-22 10:25:47 - bot_service.bot - INFO - Bot user id: 1317705797
2025-09-22 10:25:47 - bot_service.bot - INFO - Connected to channels: []
2025-09-22 10:25:48 - bot_service - INFO - Bot startup task created
2025-09-22 10:25:48 - bot_service - INFO - Attempting to join channel: yourchy
2025-09-22 10:25:48 - bot_service.bot - INFO - Joined channel: yourchy
2025-09-22 10:25:48 - bot_service - INFO - Successfully connected to channel: yourchy, verification code: KPJPCPETnJg
2025-09-22 10:25:48 - bot_service.bot - INFO - Joined channel: yourchy
2025-09-22 10:25:54 - bot_service.connection_manager - WARNING - Verification attempt from non-owner: ttsbottester for channel yourchy
2025-09-22 10:25:54 - bot_service.bot - WARNING - Verification failed for channel yourchy, disconnecting...
2025-09-22 10:25:54 - bot_service.bot - INFO - Left channel: yourchy
2025-09-22 10:26:11 - bot_service - INFO - Bot instance already exists
2025-09-22 10:26:11 - bot_service - INFO - Attempting to join channel: yourchy
2025-09-22 10:26:11 - bot_service.bot - INFO - Joined channel: yourchy
2025-09-22 10:26:11 - bot_service - INFO - Successfully connected to channel: yourchy, verification code: 9_wXtRmeM50
2025-09-22 10:26:11 - bot_service.bot - INFO - Joined channel: yourchy
2025-09-22 10:26:22 - bot_service.connection_manager - INFO - Verification successful for channel yourchy by yourchy
2025-09-22 10:26:22 - bot_service.bot - INFO - Channel yourchy verified by yourchy
2025-09-22 10:27:11 - bot_service - INFO - Bot instance already exists
2025-09-22 10:27:11 - bot_service - INFO - Attempting to join channel: yourchy
2025-09-22 10:27:11 - bot_service.bot - INFO - Joined channel: yourchy
2025-09-22 10:27:11 - bot_service - INFO - Successfully connected to channel: yourchy, verification code: 6eNV1eNTI70
2025-09-22 10:27:11 - bot_service - INFO - Bot instance already exists
2025-09-22 10:27:11 - bot_service - INFO - Attempting to join channel: yourchy
2025-09-22 10:27:11 - bot_service.bot - INFO - Joined channel: yourchy
2025-09-22 10:27:11 - bot_service - INFO - Successfully connected to channel: yourchy, verification code: KI7TJG2ajXM
2025-09-22 10:27:11 - bot_service.bot - INFO - Joined channel: yourchy
2025-09-22 10:27:11 - bot_service.bot - INFO - Joined channel: yourchy
2025-09-22 10:27:21 - bot_service.bot - WARNING - Verification failed for channel yourchy, disconnecting...
2025-09-22 10:27:21 - bot_service.bot - INFO - Left channel: yourchy
2025-09-22 10:28:33 - bot_service - INFO - Bot instance already exists
2025-09-22 10:28:33 - bot_service - INFO - Attempting to join channel: yourchy
2025-09-22 10:28:33 - bot_service.bot - INFO - Joined channel: yourchy
2025-09-22 10:28:33 - bot_service - INFO - Successfully connected to channel: yourchy, verification code: 7ZzFRn67OOs
2025-09-22 10:28:33 - bot_service - INFO - Bot instance already exists
2025-09-22 10:28:33 - bot_service - INFO - Attempting to join channel: yourchy
2025-09-22 10:28:33 - bot_service.bot - INFO - Joined channel: yourchy
2025-09-22 10:28:33 - bot_service - INFO - Successfully connected to channel: yourchy, verification code: dE7u9lkpPHY
2025-09-22 10:28:33 - bot_service.bot - INFO - Joined channel: yourchy
2025-09-22 10:28:33 - bot_service.bot - INFO - Joined channel: yourchy
2025-09-22 10:28:43 - bot_service - INFO - Bot instance already exists
2025-09-22 10:28:43 - bot_service - INFO - Attempting to join channel: yourchy
2025-09-22 10:28:43 - bot_service.bot - INFO - Joined channel: yourchy
2025-09-22 10:28:43 - bot_service - INFO - Successfully connected to channel: yourchy, verification code: fJLvdyhhMA4
2025-09-22 10:28:43 - bot_service - INFO - Bot instance already exists
2025-09-22 10:28:43 - bot_service - INFO - Attempting to join channel: yourchy
2025-09-22 10:28:43 - bot_service.bot - INFO - Joined channel: yourchy
2025-09-22 10:28:43 - bot_service - INFO - Successfully connected to channel: yourchy, verification code: 839P2kV7uw8
2025-09-22 10:28:43 - bot_service.bot - INFO - Joined channel: yourchy
2025-09-22 10:28:43 - bot_service.bot - INFO - Joined channel: yourchy
2025-09-22 10:32:00 - bot_service - INFO - 🛑 BOT_SERVICE ОСТАНОВЛЕН
2025-09-22 10:32:00 - bot_service - INFO - ⏰ Время: 2025-09-22 10:32:00
2025-09-22 10:32:02 - bot_service - INFO - === BOT SERVICE STARTED ===
2025-09-22 10:32:02 - bot_service - INFO - ==================================================
2025-09-22 10:32:02 - bot_service - INFO - СИСТЕМА ЗАПУЩЕНА - 2025-09-22 10:32:02
2025-09-22 10:32:02 - bot_service - INFO - ==================================================
2025-09-22 10:32:02 - bot_service - INFO - Python версия: 3.10.0 (tags/v3.10.0:b494f59, Oct  4 2021, 19:00:18) [MSC v.1929 64 bit (AMD64)]
2025-09-22 10:32:02 - bot_service - INFO - Платформа: Windows-10-10.0.26100-SP0
2025-09-22 10:32:02 - bot_service - INFO - Архитектура: ('64bit', 'WindowsPE')
2025-09-22 10:32:02 - bot_service - INFO - Процессор: AMD64 Family 25 Model 33 Stepping 2, AuthenticAMD
2025-09-22 10:32:02 - bot_service - INFO - Рабочая директория: H:\Programming\raw_code\AI\Python\TTS_TTV_0.02\bot_service
2025-09-22 10:32:02 - bot_service - INFO - ==================================================
2025-09-22 10:32:02 - bot_service - INFO - 🚀 BOT_SERVICE ЗАПУЩЕН
2025-09-22 10:32:02 - bot_service - INFO - 🌐 Порт: 8000
2025-09-22 10:32:02 - bot_service - INFO - 📁 Логи: logs/bot_service.log
2025-09-22 10:32:02 - bot_service - INFO - ⏰ Время: 2025-09-22 10:32:02
2025-09-22 10:32:02 - bot_service.database - INFO - ✅ База данных успешно инициализирована.
2025-09-22 10:32:24 - bot_service - INFO - Creating new bot instance...
2025-09-22 10:32:24 - bot_service - INFO - Bot instance created, starting bot...
2025-09-22 10:32:25 - bot_service - INFO - Bot instance already exists
2025-09-22 10:32:25 - bot_service - INFO - Attempting to join channel: yourchy
2025-09-22 10:32:25 - bot_service.bot - INFO - Joined channel: yourchy
2025-09-22 10:32:25 - bot_service - INFO - Successfully connected to channel: yourchy, verification code: zGcLgRk-L1Y
2025-09-22 10:32:26 - bot_service.bot - INFO - Bot logged in as payedviewer
2025-09-22 10:32:26 - bot_service.bot - INFO - Bot user id: 1317705797
2025-09-22 10:32:26 - bot_service.bot - INFO - Connected to channels: []
2025-09-22 10:32:26 - bot_service - INFO - Bot startup task created
2025-09-22 10:32:26 - bot_service - INFO - Attempting to join channel: yourchy
2025-09-22 10:32:26 - bot_service.bot - INFO - Joined channel: yourchy
2025-09-22 10:32:26 - bot_service - INFO - Successfully connected to channel: yourchy, verification code: jRbLlgRXlcQ
2025-09-22 10:32:27 - bot_service.bot - INFO - Joined channel: yourchy
2025-09-22 10:33:44 - bot_service - INFO - Bot instance already exists
2025-09-22 10:33:44 - bot_service - INFO - Attempting to join channel: yourchy
2025-09-22 10:33:44 - bot_service.bot - INFO - Joined channel: yourchy
2025-09-22 10:33:44 - bot_service - INFO - Successfully connected to channel: yourchy, verification code: 4i6WumUKjbA
2025-09-22 10:33:44 - bot_service - INFO - Bot instance already exists
2025-09-22 10:33:44 - bot_service - INFO - Attempting to join channel: yourchy
2025-09-22 10:33:44 - bot_service.bot - INFO - Joined channel: yourchy
2025-09-22 10:33:44 - bot_service - INFO - Successfully connected to channel: yourchy, verification code: rLenP503VNQ
2025-09-22 10:33:44 - bot_service.bot - INFO - Joined channel: yourchy
2025-09-22 10:33:44 - bot_service.bot - INFO - Joined channel: yourchy
2025-09-22 10:35:22 - bot_service - INFO - 🛑 BOT_SERVICE ОСТАНОВЛЕН
2025-09-22 10:35:22 - bot_service - INFO - ⏰ Время: 2025-09-22 10:35:22
2025-09-22 10:35:58 - bot_service - INFO - === BOT SERVICE STARTED ===
2025-09-22 10:35:58 - bot_service - INFO - ==================================================
2025-09-22 10:35:58 - bot_service - INFO - СИСТЕМА ЗАПУЩЕНА - 2025-09-22 10:35:58
2025-09-22 10:35:58 - bot_service - INFO - ==================================================
2025-09-22 10:35:58 - bot_service - INFO - Python версия: 3.10.0 (tags/v3.10.0:b494f59, Oct  4 2021, 19:00:18) [MSC v.1929 64 bit (AMD64)]
2025-09-22 10:35:58 - bot_service - INFO - Платформа: Windows-10-10.0.26100-SP0
2025-09-22 10:35:58 - bot_service - INFO - Архитектура: ('64bit', 'WindowsPE')
2025-09-22 10:35:58 - bot_service - INFO - Процессор: AMD64 Family 25 Model 33 Stepping 2, AuthenticAMD
2025-09-22 10:35:58 - bot_service - INFO - Рабочая директория: H:\Programming\raw_code\AI\Python\TTS_TTV_0.02\bot_service
2025-09-22 10:35:58 - bot_service - INFO - ==================================================
2025-09-22 10:35:58 - bot_service - INFO - 🚀 BOT_SERVICE ЗАПУЩЕН
2025-09-22 10:35:58 - bot_service - INFO - 🌐 Порт: 8000
2025-09-22 10:35:58 - bot_service - INFO - 📁 Логи: logs/bot_service.log
2025-09-22 10:35:58 - bot_service - INFO - ⏰ Время: 2025-09-22 10:35:58
2025-09-22 10:35:58 - bot_service.database - INFO - ✅ База данных успешно инициализирована.
2025-09-22 10:36:11 - bot_service - INFO - Creating new bot instance...
2025-09-22 10:36:11 - bot_service - INFO - Bot instance created, starting bot...
2025-09-22 10:36:12 - bot_service.bot - INFO - Bot logged in as payedviewer
2025-09-22 10:36:12 - bot_service.bot - INFO - Bot user id: 1317705797
2025-09-22 10:36:12 - bot_service.bot - INFO - Connected to channels: []
2025-09-22 10:36:13 - bot_service - INFO - Bot startup task created
2025-09-22 10:36:13 - bot_service - INFO - Attempting to join channel: yourchy
2025-09-22 10:36:13 - bot_service.bot - INFO - Joined channel: yourchy
2025-09-22 10:36:13 - bot_service - INFO - Successfully connected to channel: yourchy, verification code: 8Imkyby1WE8
2025-09-22 10:36:13 - bot_service.bot - INFO - Joined channel: yourchy
2025-09-22 10:36:20 - bot_service.connection_manager - INFO - Verification successful for channel yourchy by yourchy
2025-09-22 10:36:20 - bot_service.bot - INFO - Channel yourchy verified by yourchy
2025-09-22 10:36:46 - bot_service - INFO - Bot instance already exists
2025-09-22 10:36:46 - bot_service - INFO - Bot already verified for channel: yourchy
2025-09-22 10:36:46 - bot_service - INFO - Bot instance already exists
2025-09-22 10:36:46 - bot_service - INFO - Bot already verified for channel: yourchy
2025-09-22 10:40:02 - bot_service - INFO - 🛑 BOT_SERVICE ОСТАНОВЛЕН
2025-09-22 10:40:02 - bot_service - INFO - ⏰ Время: 2025-09-22 10:40:02
2025-09-22 10:40:39 - bot_service - INFO - === BOT SERVICE STARTED ===
2025-09-22 10:40:39 - bot_service - INFO - ==================================================
2025-09-22 10:40:39 - bot_service - INFO - СИСТЕМА ЗАПУЩЕНА - 2025-09-22 10:40:39
2025-09-22 10:40:39 - bot_service - INFO - ==================================================
2025-09-22 10:40:39 - bot_service - INFO - Python версия: 3.10.0 (tags/v3.10.0:b494f59, Oct  4 2021, 19:00:18) [MSC v.1929 64 bit (AMD64)]
2025-09-22 10:40:39 - bot_service - INFO - Платформа: Windows-10-10.0.26100-SP0
2025-09-22 10:40:39 - bot_service - INFO - Архитектура: ('64bit', 'WindowsPE')
2025-09-22 10:40:39 - bot_service - INFO - Процессор: AMD64 Family 25 Model 33 Stepping 2, AuthenticAMD
2025-09-22 10:40:39 - bot_service - INFO - Рабочая директория: H:\Programming\raw_code\AI\Python\TTS_TTV_0.02\bot_service
2025-09-22 10:40:39 - bot_service - INFO - ==================================================
2025-09-22 10:40:39 - bot_service - INFO - 🚀 BOT_SERVICE ЗАПУЩЕН
2025-09-22 10:40:39 - bot_service - INFO - 🌐 Порт: 8000
2025-09-22 10:40:39 - bot_service - INFO - 📁 Логи: logs/bot_service.log
2025-09-22 10:40:39 - bot_service - INFO - ⏰ Время: 2025-09-22 10:40:39
2025-09-22 10:40:39 - bot_service.database - INFO - ✅ База данных успешно инициализирована.
2025-09-22 10:41:03 - bot_service - INFO - Creating new bot instance...
2025-09-22 10:41:03 - bot_service - INFO - Bot instance created, starting bot...
2025-09-22 10:41:04 - bot_service - INFO - Bot instance already exists
2025-09-22 10:41:04 - bot_service - INFO - Attempting to join channel: yourchy
2025-09-22 10:41:04 - bot_service.bot - INFO - Joined channel: yourchy
2025-09-22 10:41:04 - bot_service - INFO - Successfully connected to channel: yourchy, verification code: 8bDByBisFAo
2025-09-22 10:41:05 - bot_service.bot - INFO - Bot logged in as payedviewer
2025-09-22 10:41:05 - bot_service.bot - INFO - Bot user id: 1317705797
2025-09-22 10:41:05 - bot_service.bot - INFO - Connected to channels: []
2025-09-22 10:41:05 - bot_service - INFO - Bot startup task created
2025-09-22 10:41:05 - bot_service - INFO - Bot already connected to channel: yourchy, returning existing code
2025-09-22 10:41:40 - bot_service.bot - INFO - Left channel: yourchy
2025-09-22 10:41:53 - bot_service - INFO - Bot instance already exists
2025-09-22 10:41:53 - bot_service - INFO - Bot already connected to channel: yourchy, returning existing code
2025-09-22 10:42:15 - bot_service - INFO - Bot instance already exists
2025-09-22 10:42:15 - bot_service - INFO - Bot already connected to channel: yourchy, returning existing code
2025-09-22 10:42:16 - bot_service.bot - INFO - Left channel: yourchy
2025-09-22 10:42:16 - bot_service.bot - INFO - Left channel: yourchy
2025-09-22 10:42:24 - bot_service - INFO - Bot instance already exists
2025-09-22 10:42:24 - bot_service - INFO - Bot already connected to channel: yourchy, returning existing code
2025-09-22 10:42:26 - bot_service.bot - INFO - Left channel: yourchy
2025-09-22 10:42:26 - bot_service.bot - INFO - Left channel: yourchy
2025-09-22 10:42:42 - bot_service - INFO - Bot instance already exists
2025-09-22 10:42:42 - bot_service - INFO - Bot already connected to channel: yourchy, returning existing code
2025-09-22 10:42:44 - bot_service.bot - INFO - Left channel: yourchy
2025-09-22 10:42:44 - bot_service.bot - INFO - Left channel: yourchy
2025-09-22 10:43:28 - bot_service - INFO - 🛑 BOT_SERVICE ОСТАНОВЛЕН
2025-09-22 10:43:28 - bot_service - INFO - ⏰ Время: 2025-09-22 10:43:28
2025-09-22 10:43:31 - bot_service - INFO - === BOT SERVICE STARTED ===
2025-09-22 10:43:31 - bot_service - INFO - ==================================================
2025-09-22 10:43:31 - bot_service - INFO - СИСТЕМА ЗАПУЩЕНА - 2025-09-22 10:43:31
2025-09-22 10:43:31 - bot_service - INFO - ==================================================
2025-09-22 10:43:31 - bot_service - INFO - Python версия: 3.10.0 (tags/v3.10.0:b494f59, Oct  4 2021, 19:00:18) [MSC v.1929 64 bit (AMD64)]
2025-09-22 10:43:32 - bot_service - INFO - Платформа: Windows-10-10.0.26100-SP0
2025-09-22 10:43:32 - bot_service - INFO - Архитектура: ('64bit', 'WindowsPE')
2025-09-22 10:43:32 - bot_service - INFO - Процессор: AMD64 Family 25 Model 33 Stepping 2, AuthenticAMD
2025-09-22 10:43:32 - bot_service - INFO - Рабочая директория: H:\Programming\raw_code\AI\Python\TTS_TTV_0.02\bot_service
2025-09-22 10:43:32 - bot_service - INFO - ==================================================
2025-09-22 10:43:32 - bot_service - INFO - 🚀 BOT_SERVICE ЗАПУЩЕН
2025-09-22 10:43:32 - bot_service - INFO - 🌐 Порт: 8000
2025-09-22 10:43:32 - bot_service - INFO - 📁 Логи: logs/bot_service.log
2025-09-22 10:43:32 - bot_service - INFO - ⏰ Время: 2025-09-22 10:43:32
2025-09-22 10:43:32 - bot_service.database - INFO - ✅ База данных успешно инициализирована.
2025-09-22 10:43:39 - bot_service - INFO - Creating new bot instance...
2025-09-22 10:43:39 - bot_service - INFO - Bot instance created, starting bot...
2025-09-22 10:43:41 - bot_service.bot - INFO - Bot logged in as payedviewer
2025-09-22 10:43:41 - bot_service.bot - INFO - Bot user id: 1317705797
2025-09-22 10:43:41 - bot_service.bot - INFO - Connected to channels: []
2025-09-22 10:43:41 - bot_service - INFO - Bot startup task created
2025-09-22 10:43:41 - bot_service - INFO - Attempting to join channel: yourchy
2025-09-22 10:43:41 - bot_service.bot - INFO - Joined channel: yourchy
2025-09-22 10:43:41 - bot_service - INFO - Successfully connected to channel: yourchy, verification code: zYi-lUNfyS0
2025-09-22 10:43:41 - bot_service.bot - INFO - Joined channel: yourchy
2025-09-22 10:44:02 - bot_service.connection_manager - INFO - Verification successful for channel yourchy by yourchy
2025-09-22 10:44:02 - bot_service.bot - INFO - Channel yourchy verified by yourchy
2025-09-22 10:44:10 - bot_service - INFO - Bot instance already exists
2025-09-22 10:44:10 - bot_service - INFO - Bot already verified for channel: yourchy
2025-09-22 10:44:10 - bot_service - INFO - Bot instance already exists
2025-09-22 10:44:10 - bot_service - INFO - Bot already verified for channel: yourchy
2025-09-22 10:44:18 - bot_service - INFO - Bot instance already exists
2025-09-22 10:44:18 - bot_service - INFO - Bot already verified for channel: yourchy
2025-09-22 10:44:18 - bot_service - INFO - Bot instance already exists
2025-09-22 10:44:18 - bot_service - INFO - Bot already verified for channel: yourchy
2025-09-22 10:47:08 - bot_service - INFO - Bot instance already exists
2025-09-22 10:47:08 - bot_service - INFO - Bot already verified for channel: yourchy
2025-09-22 10:47:53 - bot_service - INFO - Bot instance already exists
2025-09-22 10:47:53 - bot_service - INFO - Bot already verified for channel: yourchy
2025-09-22 10:48:31 - bot_service - INFO - Bot instance already exists
2025-09-22 10:48:31 - bot_service - INFO - Bot already verified for channel: yourchy
2025-09-22 10:51:05 - bot_service - INFO - 🛑 BOT_SERVICE ОСТАНОВЛЕН
2025-09-22 10:51:05 - bot_service - INFO - ⏰ Время: 2025-09-22 10:51:05
2025-09-22 10:51:10 - bot_service - INFO - === BOT SERVICE STARTED ===
2025-09-22 10:51:10 - bot_service - INFO - ==================================================
2025-09-22 10:51:10 - bot_service - INFO - СИСТЕМА ЗАПУЩЕНА - 2025-09-22 10:51:10
2025-09-22 10:51:10 - bot_service - INFO - ==================================================
2025-09-22 10:51:10 - bot_service - INFO - Python версия: 3.10.0 (tags/v3.10.0:b494f59, Oct  4 2021, 19:00:18) [MSC v.1929 64 bit (AMD64)]
2025-09-22 10:51:10 - bot_service - INFO - Платформа: Windows-10-10.0.26100-SP0
2025-09-22 10:51:10 - bot_service - INFO - Архитектура: ('64bit', 'WindowsPE')
2025-09-22 10:51:10 - bot_service - INFO - Процессор: AMD64 Family 25 Model 33 Stepping 2, AuthenticAMD
2025-09-22 10:51:10 - bot_service - INFO - Рабочая директория: H:\Programming\raw_code\AI\Python\TTS_TTV_0.02\bot_service
2025-09-22 10:51:10 - bot_service - INFO - ==================================================
2025-09-22 10:51:10 - bot_service - INFO - 🚀 BOT_SERVICE ЗАПУЩЕН
2025-09-22 10:51:10 - bot_service - INFO - 🌐 Порт: 8000
2025-09-22 10:51:10 - bot_service - INFO - 📁 Логи: logs/bot_service.log
2025-09-22 10:51:10 - bot_service - INFO - ⏰ Время: 2025-09-22 10:51:10
2025-09-22 10:51:10 - bot_service.database - INFO - ✅ База данных успешно инициализирована.
2025-09-22 10:51:18 - bot_service - INFO - Creating new bot instance...
2025-09-22 10:51:18 - bot_service - INFO - Bot instance created, starting bot...
2025-09-22 10:51:18 - bot_service - INFO - Bot instance already exists
2025-09-22 10:51:18 - bot_service - INFO - Attempting to join channel: yourchy
2025-09-22 10:51:18 - bot_service.bot - INFO - Joined channel: yourchy
2025-09-22 10:51:18 - bot_service - INFO - Successfully connected to channel: yourchy, verification code: Qovo65vDM9E
2025-09-22 10:51:19 - bot_service.bot - INFO - Bot logged in as payedviewer
2025-09-22 10:51:19 - bot_service.bot - INFO - Bot user id: 1317705797
2025-09-22 10:51:19 - bot_service.bot - INFO - Connected to channels: []
2025-09-22 10:51:20 - bot_service - INFO - Bot startup task created
2025-09-22 10:51:20 - bot_service - INFO - Bot already connected to channel: yourchy, returning existing code
2025-09-22 10:51:45 - bot_service - INFO - Bot instance already exists
2025-09-22 10:51:45 - bot_service - INFO - Bot already connected to channel: yourchy, returning existing code
2025-09-22 10:52:09 - bot_service - INFO - Bot instance already exists
2025-09-22 10:52:09 - bot_service - INFO - Bot already connected to channel: yourchy, returning existing code
2025-09-22 10:54:20 - bot_service - INFO - 🛑 BOT_SERVICE ОСТАНОВЛЕН
2025-09-22 10:54:20 - bot_service - INFO - ⏰ Время: 2025-09-22 10:54:20
2025-09-22 10:54:53 - bot_service - INFO - === BOT SERVICE STARTED ===
2025-09-22 10:54:53 - bot_service - INFO - ==================================================
2025-09-22 10:54:53 - bot_service - INFO - СИСТЕМА ЗАПУЩЕНА - 2025-09-22 10:54:53
2025-09-22 10:54:53 - bot_service - INFO - ==================================================
2025-09-22 10:54:53 - bot_service - INFO - Python версия: 3.10.0 (tags/v3.10.0:b494f59, Oct  4 2021, 19:00:18) [MSC v.1929 64 bit (AMD64)]
2025-09-22 10:54:53 - bot_service - INFO - Платформа: Windows-10-10.0.26100-SP0
2025-09-22 10:54:53 - bot_service - INFO - Архитектура: ('64bit', 'WindowsPE')
2025-09-22 10:54:53 - bot_service - INFO - Процессор: AMD64 Family 25 Model 33 Stepping 2, AuthenticAMD
2025-09-22 10:54:53 - bot_service - INFO - Рабочая директория: H:\Programming\raw_code\AI\Python\TTS_TTV_0.02\bot_service
2025-09-22 10:54:53 - bot_service - INFO - ==================================================
2025-09-22 10:54:53 - bot_service - INFO - 🚀 BOT_SERVICE ЗАПУЩЕН
2025-09-22 10:54:53 - bot_service - INFO - 🌐 Порт: 8000
2025-09-22 10:54:53 - bot_service - INFO - 📁 Логи: logs/bot_service.log
2025-09-22 10:54:53 - bot_service - INFO - ⏰ Время: 2025-09-22 10:54:53
2025-09-22 10:54:53 - bot_service.database - INFO - ✅ База данных успешно инициализирована.
2025-09-22 10:55:01 - bot_service - INFO - Creating new bot instance...
2025-09-22 10:55:01 - bot_service - INFO - Bot instance created, starting bot...
2025-09-22 10:55:02 - bot_service.bot - INFO - Bot logged in as payedviewer
2025-09-22 10:55:02 - bot_service.bot - INFO - Bot user id: 1317705797
2025-09-22 10:55:02 - bot_service.bot - INFO - Connected to channels: []
2025-09-22 10:55:03 - bot_service - INFO - Bot startup task created
2025-09-22 10:55:03 - bot_service - INFO - Attempting to join channel: yourchy
2025-09-22 10:55:03 - bot_service.bot - INFO - Joined channel: yourchy
2025-09-22 10:55:03 - bot_service - INFO - Successfully connected to channel: yourchy, verification code: gvh0ALDqKPk
2025-09-22 10:55:03 - bot_service.bot - INFO - Joined channel: yourchy
2025-09-22 10:55:14 - bot_service.connection_manager - INFO - Verification successful for channel yourchy by yourchy
2025-09-22 10:55:14 - bot_service.bot - INFO - Channel yourchy verified by yourchy
2025-09-22 10:55:24 - bot_service - INFO - Bot instance already exists
2025-09-22 10:55:24 - bot_service - INFO - Bot already verified for channel: yourchy
2025-09-22 10:55:24 - bot_service - INFO - Bot instance already exists
2025-09-22 10:55:24 - bot_service - INFO - Bot already verified for channel: yourchy
2025-09-22 10:55:51 - bot_service - INFO - Bot instance already exists
2025-09-22 10:55:51 - bot_service - INFO - Bot already verified for channel: yourchy
2025-09-22 10:55:51 - bot_service - INFO - Bot instance already exists
2025-09-22 10:55:51 - bot_service - INFO - Bot already verified for channel: yourchy
2025-09-22 10:57:18 - bot_service - INFO - Bot instance already exists
2025-09-22 10:57:18 - bot_service - INFO - Bot already verified for channel: yourchy
2025-09-22 10:57:18 - bot_service - INFO - Bot instance already exists
2025-09-22 10:57:18 - bot_service - INFO - Bot already verified for channel: yourchy
2025-09-22 10:57:26 - bot_service - INFO - Bot instance already exists
2025-09-22 10:57:26 - bot_service - INFO - Bot already verified for channel: yourchy
2025-09-22 10:57:26 - bot_service - INFO - Bot instance already exists
2025-09-22 10:57:26 - bot_service - INFO - Bot already verified for channel: yourchy
2025-09-22 10:58:11 - bot_service - INFO - Bot instance already exists
2025-09-22 10:58:11 - bot_service - INFO - Bot already verified for channel: yourchy
2025-09-22 10:58:11 - bot_service - INFO - Bot instance already exists
2025-09-22 10:58:11 - bot_service - INFO - Bot already verified for channel: yourchy
2025-09-22 10:58:19 - bot_service - INFO - Bot instance already exists
2025-09-22 10:58:19 - bot_service - INFO - Bot already verified for channel: yourchy
2025-09-22 10:58:19 - bot_service - INFO - Bot instance already exists
2025-09-22 10:58:19 - bot_service - INFO - Bot already verified for channel: yourchy
2025-09-22 10:59:25 - bot_service - INFO - Bot instance already exists
2025-09-22 10:59:25 - bot_service - INFO - Bot already verified for channel: yourchy
2025-09-22 10:59:25 - bot_service - INFO - Bot instance already exists
2025-09-22 10:59:25 - bot_service - INFO - Bot already verified for channel: yourchy
2025-09-22 10:59:27 - bot_service.bot - INFO - Left channel: yourchy
2025-09-22 10:59:27 - bot_service - INFO - Cleared verification data for channel: yourchy
2025-09-22 10:59:40 - bot_service - INFO - Bot instance already exists
2025-09-22 10:59:40 - bot_service - INFO - Attempting to join channel: yourchy
2025-09-22 10:59:40 - bot_service.bot - INFO - Joined channel: yourchy
2025-09-22 10:59:40 - bot_service - INFO - Successfully connected to channel: yourchy, verification code: vq9gsN4Hfwg
2025-09-22 10:59:40 - bot_service - INFO - Bot instance already exists
2025-09-22 10:59:40 - bot_service - INFO - Bot already connected to channel: yourchy, returning existing code
2025-09-22 10:59:41 - bot_service.bot - INFO - Joined channel: yourchy
2025-09-22 10:59:43 - bot_service - INFO - Bot instance already exists
2025-09-22 10:59:43 - bot_service - INFO - Bot already connected to channel: yourchy, returning existing code
2025-09-22 10:59:43 - bot_service - INFO - Bot instance already exists
2025-09-22 10:59:43 - bot_service - INFO - Bot already connected to channel: yourchy, returning existing code
2025-09-22 10:59:45 - bot_service.bot - INFO - Left channel: yourchy
2025-09-22 10:59:45 - bot_service - INFO - Cleared verification data for channel: yourchy
2025-09-22 11:00:03 - bot_service - INFO - Bot instance already exists
2025-09-22 11:00:03 - bot_service - INFO - Attempting to join channel: yourchy
2025-09-22 11:00:03 - bot_service.bot - INFO - Joined channel: yourchy
2025-09-22 11:00:03 - bot_service - INFO - Successfully connected to channel: yourchy, verification code: BLW-SgVadZ0
2025-09-22 11:00:03 - bot_service.bot - INFO - Joined channel: yourchy
2025-09-22 11:00:10 - bot_service.connection_manager - INFO - Verification successful for channel yourchy by yourchy
2025-09-22 11:00:10 - bot_service.bot - INFO - Channel yourchy verified by yourchy
2025-09-22 11:01:45 - bot_service.bot - INFO - Left channel: yourchy
2025-09-22 11:01:45 - bot_service - INFO - Cleared verification data for channel: yourchy
2025-09-22 11:04:55 - bot_service - INFO - Bot instance already exists
2025-09-22 11:04:55 - bot_service - INFO - Attempting to join channel: yourchy
2025-09-22 11:04:55 - bot_service.bot - INFO - Joined channel: yourchy
2025-09-22 11:04:55 - bot_service - INFO - Successfully connected to channel: yourchy, verification code: 4b6KEOA1KBE
2025-09-22 11:04:55 - bot_service.bot - INFO - Joined channel: yourchy
2025-09-22 11:05:02 - bot_service.connection_manager - INFO - Verification successful for channel yourchy by yourchy
2025-09-22 11:05:02 - bot_service.bot - INFO - Channel yourchy verified by yourchy
2025-09-22 11:06:25 - bot_service - INFO - Bot instance already exists
2025-09-22 11:06:25 - bot_service - INFO - Bot already verified for channel: yourchy
2025-09-22 11:06:25 - bot_service - INFO - Bot instance already exists
2025-09-22 11:06:25 - bot_service - INFO - Bot already verified for channel: yourchy
2025-09-22 11:06:30 - bot_service - INFO - Bot instance already exists
2025-09-22 11:06:30 - bot_service - INFO - Bot already verified for channel: yourchy
2025-09-22 11:06:30 - bot_service - INFO - Bot instance already exists
2025-09-22 11:06:30 - bot_service - INFO - Bot already verified for channel: yourchy
2025-09-22 11:07:10 - bot_service.bot - WARNING - Verification failed for channel yourchy, disconnecting...
2025-09-22 11:07:10 - bot_service.bot - INFO - Left channel: yourchy
2025-09-22 11:08:27 - bot_service - INFO - Bot instance already exists
2025-09-22 11:08:27 - bot_service - INFO - Attempting to join channel: yourchy
2025-09-22 11:08:27 - bot_service.bot - INFO - Joined channel: yourchy
2025-09-22 11:08:27 - bot_service - INFO - Successfully connected to channel: yourchy, verification code: xwFXBsaERTY
2025-09-22 11:08:27 - bot_service.bot - INFO - Joined channel: yourchy
2025-09-22 11:08:35 - bot_service.connection_manager - INFO - Verification successful for channel yourchy by yourchy
2025-09-22 11:08:35 - bot_service.bot - INFO - Channel yourchy verified by yourchy
2025-09-22 11:08:40 - bot_service - INFO - Bot instance already exists
2025-09-22 11:08:40 - bot_service - INFO - Bot already verified for channel: yourchy
2025-09-22 11:08:40 - bot_service - INFO - Bot instance already exists
2025-09-22 11:08:40 - bot_service - INFO - Bot already verified for channel: yourchy
2025-09-22 11:08:50 - bot_service - INFO - Bot instance already exists
2025-09-22 11:08:50 - bot_service - INFO - Bot already verified for channel: yourchy
2025-09-22 11:08:50 - bot_service - INFO - Bot instance already exists
2025-09-22 11:08:50 - bot_service - INFO - Bot already verified for channel: yourchy
2025-09-22 11:09:37 - bot_service.bot - WARNING - Verification failed for channel yourchy, disconnecting...
2025-09-22 11:09:37 - bot_service.bot - INFO - Left channel: yourchy
2025-09-22 11:10:35 - bot_service - INFO - 🛑 BOT_SERVICE ОСТАНОВЛЕН
2025-09-22 11:10:35 - bot_service - INFO - ⏰ Время: 2025-09-22 11:10:35
2025-09-22 11:10:44 - bot_service - INFO - === BOT SERVICE STARTED ===
2025-09-22 11:10:44 - bot_service - INFO - ==================================================
2025-09-22 11:10:44 - bot_service - INFO - СИСТЕМА ЗАПУЩЕНА - 2025-09-22 11:10:44
2025-09-22 11:10:44 - bot_service - INFO - ==================================================
2025-09-22 11:10:44 - bot_service - INFO - Python версия: 3.10.0 (tags/v3.10.0:b494f59, Oct  4 2021, 19:00:18) [MSC v.1929 64 bit (AMD64)]
2025-09-22 11:10:44 - bot_service - INFO - Платформа: Windows-10-10.0.26100-SP0
2025-09-22 11:10:44 - bot_service - INFO - Архитектура: ('64bit', 'WindowsPE')
2025-09-22 11:10:44 - bot_service - INFO - Процессор: AMD64 Family 25 Model 33 Stepping 2, AuthenticAMD
2025-09-22 11:10:44 - bot_service - INFO - Рабочая директория: H:\Programming\raw_code\AI\Python\TTS_TTV_0.02\bot_service
2025-09-22 11:10:44 - bot_service - INFO - ==================================================
2025-09-22 11:10:44 - bot_service - INFO - 🚀 BOT_SERVICE ЗАПУЩЕН
2025-09-22 11:10:44 - bot_service - INFO - 🌐 Порт: 8000
2025-09-22 11:10:44 - bot_service - INFO - 📁 Логи: logs/bot_service.log
2025-09-22 11:10:44 - bot_service - INFO - ⏰ Время: 2025-09-22 11:10:44
2025-09-22 11:10:44 - bot_service.database - INFO - ✅ База данных успешно инициализирована.
2025-09-22 11:11:09 - bot_service - INFO - Creating new bot instance...
2025-09-22 11:11:09 - bot_service - INFO - Bot instance created, starting bot...
2025-09-22 11:11:11 - bot_service.bot - INFO - Bot logged in as payedviewer
2025-09-22 11:11:11 - bot_service.bot - INFO - Bot user id: 1317705797
2025-09-22 11:11:11 - bot_service.bot - INFO - Connected to channels: []
2025-09-22 11:11:11 - bot_service - INFO - Bot startup task created
2025-09-22 11:11:11 - bot_service - INFO - Attempting to join channel: yourchy
2025-09-22 11:11:11 - bot_service.bot - INFO - Joined channel: yourchy
2025-09-22 11:11:11 - bot_service - INFO - Successfully connected to channel: yourchy, verification code: ULtdTw7B_AU
2025-09-22 11:11:11 - bot_service.bot - INFO - Joined channel: yourchy
2025-09-22 11:11:18 - bot_service.connection_manager - INFO - Verification successful for channel yourchy by yourchy
2025-09-22 11:11:18 - bot_service.bot - INFO - Channel yourchy verified by yourchy
2025-09-22 11:11:41 - bot_service - INFO - Bot instance already exists
2025-09-22 11:11:41 - bot_service - INFO - Bot already verified for channel: yourchy
2025-09-22 11:11:41 - bot_service - INFO - Bot instance already exists
2025-09-22 11:11:41 - bot_service - INFO - Bot already verified for channel: yourchy
2025-09-22 11:15:56 - bot_service - INFO - Bot instance already exists
2025-09-22 11:15:56 - bot_service - INFO - Bot already verified for channel: yourchy
2025-09-22 11:15:56 - bot_service - INFO - Bot instance already exists
2025-09-22 11:15:56 - bot_service - INFO - Bot already verified for channel: yourchy
2025-09-22 11:17:06 - bot_service - INFO - Bot instance already exists
2025-09-22 11:17:06 - bot_service - INFO - Bot already verified for channel: yourchy
2025-09-22 11:17:06 - bot_service - INFO - Bot instance already exists
2025-09-22 11:17:06 - bot_service - INFO - Bot already verified for channel: yourchy
2025-09-22 11:17:42 - bot_service - INFO - 🛑 BOT_SERVICE ОСТАНОВЛЕН
2025-09-22 11:17:42 - bot_service - INFO - ⏰ Время: 2025-09-22 11:17:42
2025-09-22 11:17:45 - bot_service - INFO - === BOT SERVICE STARTED ===
2025-09-22 11:17:45 - bot_service - INFO - ==================================================
2025-09-22 11:17:45 - bot_service - INFO - СИСТЕМА ЗАПУЩЕНА - 2025-09-22 11:17:45
2025-09-22 11:17:45 - bot_service - INFO - ==================================================
2025-09-22 11:17:45 - bot_service - INFO - Python версия: 3.10.0 (tags/v3.10.0:b494f59, Oct  4 2021, 19:00:18) [MSC v.1929 64 bit (AMD64)]
2025-09-22 11:17:45 - bot_service - INFO - Платформа: Windows-10-10.0.26100-SP0
2025-09-22 11:17:45 - bot_service - INFO - Архитектура: ('64bit', 'WindowsPE')
2025-09-22 11:17:45 - bot_service - INFO - Процессор: AMD64 Family 25 Model 33 Stepping 2, AuthenticAMD
2025-09-22 11:17:45 - bot_service - INFO - Рабочая директория: H:\Programming\raw_code\AI\Python\TTS_TTV_0.02\bot_service
2025-09-22 11:17:45 - bot_service - INFO - ==================================================
2025-09-22 11:17:45 - bot_service - INFO - 🚀 BOT_SERVICE ЗАПУЩЕН
2025-09-22 11:17:45 - bot_service - INFO - 🌐 Порт: 8000
2025-09-22 11:17:45 - bot_service - INFO - 📁 Логи: logs/bot_service.log
2025-09-22 11:17:45 - bot_service - INFO - ⏰ Время: 2025-09-22 11:17:45
2025-09-22 11:17:45 - bot_service.database - INFO - ✅ База данных успешно инициализирована.
2025-09-22 11:17:50 - bot_service - INFO - Creating new bot instance...
2025-09-22 11:17:50 - bot_service - INFO - Bot instance created, starting bot...
2025-09-22 11:17:50 - bot_service - INFO - Bot instance already exists
2025-09-22 11:17:50 - bot_service - INFO - Attempting to join channel: yourchy
2025-09-22 11:17:50 - bot_service.bot - INFO - Joined channel: yourchy
2025-09-22 11:17:50 - bot_service - INFO - Successfully connected to channel: yourchy, verification code: yF5RHCUi9tk
2025-09-22 11:17:52 - bot_service.bot - INFO - Bot logged in as payedviewer
2025-09-22 11:17:52 - bot_service.bot - INFO - Bot user id: 1317705797
2025-09-22 11:17:52 - bot_service.bot - INFO - Connected to channels: []
2025-09-22 11:17:52 - bot_service - INFO - Bot startup task created
2025-09-22 11:17:52 - bot_service - INFO - Bot already connected to channel: yourchy, returning existing code
2025-09-22 11:18:01 - bot_service.bot - INFO - Left channel: yourchy
2025-09-22 11:18:01 - bot_service - INFO - Cleared verification data for channel: yourchy
2025-09-22 11:18:05 - bot_service - INFO - Bot instance already exists
2025-09-22 11:18:05 - bot_service - INFO - Attempting to join channel: yourchy
2025-09-22 11:18:05 - bot_service.bot - INFO - Joined channel: yourchy
2025-09-22 11:18:05 - bot_service - INFO - Successfully connected to channel: yourchy, verification code: ZuqH5BjOo8M
2025-09-22 11:18:05 - bot_service.bot - INFO - Joined channel: yourchy
2025-09-22 11:18:09 - bot_service.connection_manager - INFO - Verification successful for channel yourchy by yourchy
2025-09-22 11:18:09 - bot_service.bot - INFO - Channel yourchy verified by yourchy
2025-09-22 11:18:32 - bot_service - INFO - Bot instance already exists
2025-09-22 11:18:32 - bot_service - INFO - Bot already verified for channel: yourchy
2025-09-22 11:18:32 - bot_service - INFO - Bot instance already exists
2025-09-22 11:18:32 - bot_service - INFO - Bot already verified for channel: yourchy
2025-09-22 11:19:12 - bot_service.bot - WARNING - Verification failed for channel yourchy, disconnecting...
2025-09-22 11:19:12 - bot_service.bot - INFO - Left channel: yourchy
2025-09-22 11:20:34 - bot_service - INFO - 🛑 BOT_SERVICE ОСТАНОВЛЕН
2025-09-22 11:20:34 - bot_service - INFO - ⏰ Время: 2025-09-22 11:20:34
2025-09-22 11:21:20 - bot_service - INFO - === BOT SERVICE STARTED ===
2025-09-22 11:21:20 - bot_service - INFO - ==================================================
2025-09-22 11:21:20 - bot_service - INFO - СИСТЕМА ЗАПУЩЕНА - 2025-09-22 11:21:20
2025-09-22 11:21:20 - bot_service - INFO - ==================================================
2025-09-22 11:21:20 - bot_service - INFO - Python версия: 3.10.0 (tags/v3.10.0:b494f59, Oct  4 2021, 19:00:18) [MSC v.1929 64 bit (AMD64)]
2025-09-22 11:21:20 - bot_service - INFO - Платформа: Windows-10-10.0.26100-SP0
2025-09-22 11:21:20 - bot_service - INFO - Архитектура: ('64bit', 'WindowsPE')
2025-09-22 11:21:20 - bot_service - INFO - Процессор: AMD64 Family 25 Model 33 Stepping 2, AuthenticAMD
2025-09-22 11:21:20 - bot_service - INFO - Рабочая директория: H:\Programming\raw_code\AI\Python\TTS_TTV_0.02\bot_service
2025-09-22 11:21:20 - bot_service - INFO - ==================================================
2025-09-22 11:21:20 - bot_service - INFO - 🚀 BOT_SERVICE ЗАПУЩЕН
2025-09-22 11:21:20 - bot_service - INFO - 🌐 Порт: 8000
2025-09-22 11:21:20 - bot_service - INFO - 📁 Логи: logs/bot_service.log
2025-09-22 11:21:20 - bot_service - INFO - ⏰ Время: 2025-09-22 11:21:20
2025-09-22 11:21:20 - bot_service.database - INFO - ✅ База данных успешно инициализирована.
2025-09-22 11:22:15 - bot_service - INFO - Creating new bot instance...
2025-09-22 11:22:15 - bot_service - INFO - Bot instance created, starting bot...
2025-09-22 11:22:16 - bot_service.bot - INFO - Bot logged in as payedviewer
2025-09-22 11:22:16 - bot_service.bot - INFO - Bot user id: 1317705797
2025-09-22 11:22:16 - bot_service.bot - INFO - Connected to channels: []
2025-09-22 11:22:17 - bot_service - INFO - Bot startup task created
2025-09-22 11:22:17 - bot_service - INFO - Attempting to join channel: yourchy
2025-09-22 11:22:17 - bot_service.bot - INFO - Joined channel: yourchy
2025-09-22 11:22:17 - bot_service - INFO - Successfully connected to channel: yourchy, verification code: 1fzVPJEUCew
2025-09-22 11:22:17 - bot_service.bot - INFO - Joined channel: yourchy
2025-09-22 11:22:23 - bot_service.connection_manager - INFO - Verification successful for channel yourchy by yourchy
2025-09-22 11:22:23 - bot_service.bot - INFO - Channel yourchy verified by yourchy
2025-09-22 11:22:52 - bot_service - INFO - Bot instance already exists
2025-09-22 11:22:52 - bot_service - INFO - Bot already verified for channel: yourchy
2025-09-22 11:22:52 - bot_service - INFO - Bot instance already exists
2025-09-22 11:22:52 - bot_service - INFO - Bot already verified for channel: yourchy
2025-09-22 11:23:25 - bot_service.bot - WARNING - Verification failed for channel yourchy, disconnecting...
2025-09-22 11:23:25 - bot_service.bot - INFO - Left channel: yourchy
2025-09-22 11:24:40 - bot_service - INFO - 🛑 BOT_SERVICE ОСТАНОВЛЕН
2025-09-22 11:24:40 - bot_service - INFO - ⏰ Время: 2025-09-22 11:24:40
2025-09-22 11:26:25 - bot_service - INFO - === BOT SERVICE STARTED ===
2025-09-22 11:26:25 - bot_service - INFO - ==================================================
2025-09-22 11:26:25 - bot_service - INFO - СИСТЕМА ЗАПУЩЕНА - 2025-09-22 11:26:25
2025-09-22 11:26:25 - bot_service - INFO - ==================================================
2025-09-22 11:26:25 - bot_service - INFO - Python версия: 3.10.0 (tags/v3.10.0:b494f59, Oct  4 2021, 19:00:18) [MSC v.1929 64 bit (AMD64)]
2025-09-22 11:26:25 - bot_service - INFO - Платформа: Windows-10-10.0.26100-SP0
2025-09-22 11:26:25 - bot_service - INFO - Архитектура: ('64bit', 'WindowsPE')
2025-09-22 11:26:25 - bot_service - INFO - Процессор: AMD64 Family 25 Model 33 Stepping 2, AuthenticAMD
2025-09-22 11:26:25 - bot_service - INFO - Рабочая директория: H:\Programming\raw_code\AI\Python\TTS_TTV_0.02\bot_service
2025-09-22 11:26:25 - bot_service - INFO - ==================================================
2025-09-22 11:26:25 - bot_service - INFO - 🚀 BOT_SERVICE ЗАПУЩЕН
2025-09-22 11:26:25 - bot_service - INFO - 🌐 Порт: 8000
2025-09-22 11:26:25 - bot_service - INFO - 📁 Логи: logs/bot_service.log
2025-09-22 11:26:25 - bot_service - INFO - ⏰ Время: 2025-09-22 11:26:25
2025-09-22 11:26:25 - bot_service.database - INFO - ✅ База данных успешно инициализирована.
2025-09-22 11:26:54 - bot_service - INFO - Creating new bot instance...
2025-09-22 11:26:54 - bot_service - INFO - Bot instance created, starting bot...
2025-09-22 11:26:56 - bot_service.bot - INFO - Bot logged in as payedviewer
2025-09-22 11:26:56 - bot_service.bot - INFO - Bot user id: 1317705797
2025-09-22 11:26:56 - bot_service.bot - INFO - Connected to channels: []
2025-09-22 11:26:56 - bot_service - INFO - Bot startup task created
2025-09-22 11:26:56 - bot_service - INFO - Attempting to join channel: yourchy
2025-09-22 11:26:56 - bot_service.bot - INFO - Joined channel: yourchy
2025-09-22 11:26:56 - bot_service - INFO - Successfully connected to channel: yourchy, verification code: vLRU3d6G39U
2025-09-22 11:26:56 - bot_service.bot - INFO - Joined channel: yourchy
2025-09-22 11:27:07 - bot_service.connection_manager - INFO - Verification successful for channel yourchy by yourchy
2025-09-22 11:27:07 - bot_service.bot - INFO - Channel yourchy verified by yourchy
2025-09-22 11:28:37 - bot_service - INFO - Bot instance already exists
2025-09-22 11:28:37 - bot_service - INFO - Bot already verified for channel: yourchy
2025-09-22 11:28:37 - bot_service - INFO - Bot instance already exists
2025-09-22 11:28:37 - bot_service - INFO - Bot already verified for channel: yourchy
2025-09-22 11:30:27 - bot_service - INFO - Bot instance already exists
2025-09-22 11:30:27 - bot_service - INFO - Bot already verified for channel: yourchy
2025-09-22 11:30:27 - bot_service - INFO - Bot instance already exists
2025-09-22 11:30:27 - bot_service - INFO - Bot already verified for channel: yourchy
2025-09-22 11:30:31 - bot_service - INFO - Bot instance already exists
2025-09-22 11:30:31 - bot_service - INFO - Bot already verified for channel: yourchy
2025-09-22 11:30:31 - bot_service - INFO - Bot instance already exists
2025-09-22 11:30:31 - bot_service - INFO - Bot already verified for channel: yourchy
2025-09-22 11:30:52 - bot_service - INFO - Bot instance already exists
2025-09-22 11:30:52 - bot_service - INFO - Bot already verified for channel: yourchy
2025-09-22 11:30:52 - bot_service - INFO - Bot instance already exists
2025-09-22 11:30:52 - bot_service - INFO - Bot already verified for channel: yourchy
2025-09-22 11:31:29 - bot_service - INFO - Bot instance already exists
2025-09-22 11:31:29 - bot_service - INFO - Bot already verified for channel: yourchy
2025-09-22 11:31:29 - bot_service - INFO - Bot instance already exists
2025-09-22 11:31:29 - bot_service - INFO - Bot already verified for channel: yourchy
2025-09-22 11:31:40 - bot_service - INFO - Bot instance already exists
2025-09-22 11:31:40 - bot_service - INFO - Bot already verified for channel: yourchy
2025-09-22 11:31:40 - bot_service - INFO - Bot instance already exists
2025-09-22 11:31:40 - bot_service - INFO - Bot already verified for channel: yourchy
2025-09-22 11:31:46 - bot_service - INFO - Bot instance already exists
2025-09-22 11:31:46 - bot_service - INFO - Bot already verified for channel: yourchy
2025-09-22 11:31:46 - bot_service - INFO - Bot instance already exists
2025-09-22 11:31:46 - bot_service - INFO - Bot already verified for channel: yourchy
2025-09-22 11:31:59 - bot_service - INFO - Bot instance already exists
2025-09-22 11:31:59 - bot_service - INFO - Bot already verified for channel: yourchy
2025-09-22 11:31:59 - bot_service - INFO - Bot instance already exists
2025-09-22 11:31:59 - bot_service - INFO - Bot already verified for channel: yourchy
2025-09-22 11:33:22 - bot_service - INFO - Bot instance already exists
2025-09-22 11:33:22 - bot_service - INFO - Bot already verified for channel: yourchy
2025-09-22 11:33:22 - bot_service - INFO - Bot instance already exists
2025-09-22 11:33:22 - bot_service - INFO - Bot already verified for channel: yourchy
2025-09-22 11:33:28 - bot_service - INFO - Bot instance already exists
2025-09-22 11:33:28 - bot_service - INFO - Bot already verified for channel: yourchy
2025-09-22 11:33:28 - bot_service - INFO - Bot instance already exists
2025-09-22 11:33:28 - bot_service - INFO - Bot already verified for channel: yourchy
2025-09-22 11:33:37 - bot_service - INFO - Bot instance already exists
2025-09-22 11:33:37 - bot_service - INFO - Bot already verified for channel: yourchy
2025-09-22 11:33:37 - bot_service - INFO - Bot instance already exists
2025-09-22 11:33:37 - bot_service - INFO - Bot already verified for channel: yourchy
2025-09-22 11:33:49 - bot_service - INFO - Bot instance already exists
2025-09-22 11:33:49 - bot_service - INFO - Bot already verified for channel: yourchy
2025-09-22 11:33:49 - bot_service - INFO - Bot instance already exists
2025-09-22 11:33:49 - bot_service - INFO - Bot already verified for channel: yourchy
2025-09-22 11:33:58 - bot_service - INFO - 🛑 BOT_SERVICE ОСТАНОВЛЕН
2025-09-22 11:33:58 - bot_service - INFO - ⏰ Время: 2025-09-22 11:33:58
2025-09-22 11:34:11 - bot_service - INFO - === BOT SERVICE STARTED ===
2025-09-22 11:34:11 - bot_service - INFO - ==================================================
2025-09-22 11:34:11 - bot_service - INFO - СИСТЕМА ЗАПУЩЕНА - 2025-09-22 11:34:11
2025-09-22 11:34:11 - bot_service - INFO - ==================================================
2025-09-22 11:34:11 - bot_service - INFO - Python версия: 3.10.0 (tags/v3.10.0:b494f59, Oct  4 2021, 19:00:18) [MSC v.1929 64 bit (AMD64)]
2025-09-22 11:34:11 - bot_service - INFO - Платформа: Windows-10-10.0.26100-SP0
2025-09-22 11:34:11 - bot_service - INFO - Архитектура: ('64bit', 'WindowsPE')
2025-09-22 11:34:11 - bot_service - INFO - Процессор: AMD64 Family 25 Model 33 Stepping 2, AuthenticAMD
2025-09-22 11:34:11 - bot_service - INFO - Рабочая директория: H:\Programming\raw_code\AI\Python\TTS_TTV_0.02\bot_service
2025-09-22 11:34:11 - bot_service - INFO - ==================================================
2025-09-22 11:34:11 - bot_service - INFO - 🚀 BOT_SERVICE ЗАПУЩЕН
2025-09-22 11:34:11 - bot_service - INFO - 🌐 Порт: 8000
2025-09-22 11:34:11 - bot_service - INFO - 📁 Логи: logs/bot_service.log
2025-09-22 11:34:11 - bot_service - INFO - ⏰ Время: 2025-09-22 11:34:11
2025-09-22 11:34:11 - bot_service.database - INFO - ✅ База данных успешно инициализирована.
2025-09-22 11:34:16 - bot_service - INFO - Creating new bot instance...
2025-09-22 11:34:16 - bot_service - INFO - Bot instance created, starting bot...
2025-09-22 11:34:16 - bot_service - INFO - Bot instance already exists
2025-09-22 11:34:16 - bot_service - INFO - Attempting to join channel: yourchy
2025-09-22 11:34:16 - bot_service.bot - INFO - Joined channel: yourchy
2025-09-22 11:34:16 - bot_service - INFO - Successfully connected to channel: yourchy, verification code: Wq05YRfcHLs
2025-09-22 11:34:18 - bot_service.bot - INFO - Bot logged in as payedviewer
2025-09-22 11:34:18 - bot_service.bot - INFO - Bot user id: 1317705797
2025-09-22 11:34:18 - bot_service.bot - INFO - Connected to channels: []
2025-09-22 11:34:18 - bot_service - INFO - Bot startup task created
2025-09-22 11:34:18 - bot_service - INFO - Bot already connected to channel: yourchy, returning existing code
2025-09-22 11:34:57 - bot_service - INFO - Bot instance already exists
2025-09-22 11:34:57 - bot_service - INFO - Bot already connected to channel: yourchy, returning existing code
2025-09-22 11:35:14 - bot_service - INFO - Bot instance already exists
2025-09-22 11:35:14 - bot_service - INFO - Bot already connected to channel: yourchy, returning existing code
2025-09-22 11:35:17 - bot_service.bot - INFO - Left channel: yourchy
2025-09-22 11:35:17 - bot_service.bot - INFO - Left channel: yourchy
2025-09-22 11:35:35 - bot_service - INFO - Bot instance already exists
2025-09-22 11:35:35 - bot_service - INFO - Attempting to join channel: yourchy
2025-09-22 11:35:35 - bot_service.bot - INFO - Joined channel: yourchy
2025-09-22 11:35:35 - bot_service - INFO - Successfully connected to channel: yourchy, verification code: UE8UU3bklV8
2025-09-22 11:35:35 - bot_service.bot - INFO - Joined channel: yourchy
2025-09-22 11:35:45 - bot_service.connection_manager - INFO - Verification successful for channel yourchy by yourchy
2025-09-22 11:35:45 - bot_service.bot - INFO - Channel yourchy verified by yourchy
2025-09-22 11:36:41 - bot_service - INFO - Bot instance already exists
2025-09-22 11:36:41 - bot_service - INFO - Bot already verified for channel: yourchy
2025-09-22 11:36:51 - bot_service - INFO - Bot instance already exists
2025-09-22 11:36:51 - bot_service - INFO - Bot already verified for channel: yourchy
2025-09-22 11:36:51 - bot_service - INFO - Bot instance already exists
2025-09-22 11:36:51 - bot_service - INFO - Bot already verified for channel: yourchy
2025-09-22 11:36:55 - bot_service - INFO - Bot instance already exists
2025-09-22 11:36:55 - bot_service - INFO - Bot already verified for channel: yourchy
2025-09-22 11:36:55 - bot_service - INFO - Bot instance already exists
2025-09-22 11:36:55 - bot_service - INFO - Bot already verified for channel: yourchy
2025-09-22 11:40:11 - bot_service - INFO - 🛑 BOT_SERVICE ОСТАНОВЛЕН
2025-09-22 11:40:11 - bot_service - INFO - ⏰ Время: 2025-09-22 11:40:11
2025-09-22 11:46:44 - bot_service - INFO - === BOT SERVICE STARTED ===
2025-09-22 11:46:44 - bot_service - INFO - ==================================================
2025-09-22 11:46:44 - bot_service - INFO - СИСТЕМА ЗАПУЩЕНА - 2025-09-22 11:46:44
2025-09-22 11:46:44 - bot_service - INFO - ==================================================
2025-09-22 11:46:44 - bot_service - INFO - Python версия: 3.10.0 (tags/v3.10.0:b494f59, Oct  4 2021, 19:00:18) [MSC v.1929 64 bit (AMD64)]
2025-09-22 11:46:44 - bot_service - INFO - Платформа: Windows-10-10.0.26100-SP0
2025-09-22 11:46:44 - bot_service - INFO - Архитектура: ('64bit', 'WindowsPE')
2025-09-22 11:46:44 - bot_service - INFO - Процессор: AMD64 Family 25 Model 33 Stepping 2, AuthenticAMD
2025-09-22 11:46:44 - bot_service - INFO - Рабочая директория: H:\Programming\raw_code\AI\Python\TTS_TTV_0.02\bot_service
2025-09-22 11:46:44 - bot_service - INFO - ==================================================
2025-09-22 11:46:44 - bot_service - INFO - 🚀 BOT_SERVICE ЗАПУЩЕН
2025-09-22 11:46:44 - bot_service - INFO - 🌐 Порт: 8000
2025-09-22 11:46:44 - bot_service - INFO - 📁 Логи: logs/bot_service.log
2025-09-22 11:46:44 - bot_service - INFO - ⏰ Время: 2025-09-22 11:46:44
2025-09-22 11:46:44 - bot_service.database - INFO - ✅ База данных успешно инициализирована.
2025-09-22 11:46:55 - bot_service - INFO - Creating new bot instance...
2025-09-22 11:46:55 - bot_service - INFO - Bot instance created, starting bot...
2025-09-22 11:46:55 - bot_service - INFO - Bot instance already exists
2025-09-22 11:46:55 - bot_service - INFO - Attempting to join channel: yourchy
2025-09-22 11:46:55 - bot_service.bot - INFO - Joined channel: yourchy
2025-09-22 11:46:55 - bot_service - INFO - Successfully connected to channel: yourchy, verification code: JkTu8fLsTmk
2025-09-22 11:46:57 - bot_service.bot - INFO - Bot logged in as payedviewer
2025-09-22 11:46:57 - bot_service.bot - INFO - Bot user id: 1317705797
2025-09-22 11:46:57 - bot_service.bot - INFO - Connected to channels: []
2025-09-22 11:46:57 - bot_service - INFO - Bot startup task created
2025-09-22 11:46:57 - bot_service - INFO - Bot already connected to channel: yourchy, returning existing code
2025-09-22 11:47:00 - bot_service.bot - INFO - Left channel: yourchy
2025-09-22 11:47:00 - bot_service - INFO - Cleared verification data for channel: yourchy
2025-09-22 11:48:42 - bot_service - INFO - Bot instance already exists
2025-09-22 11:48:42 - bot_service - INFO - Attempting to join channel: yourchy
2025-09-22 11:48:42 - bot_service.bot - INFO - Joined channel: yourchy
2025-09-22 11:48:42 - bot_service - INFO - Successfully connected to channel: yourchy, verification code: SGCwJllj_1o
2025-09-22 11:48:42 - bot_service.bot - INFO - Joined channel: yourchy
2025-09-22 11:48:52 - bot_service.connection_manager - WARNING - Verification attempt from non-owner: ttsbottester for channel yourchy
2025-09-22 11:48:52 - bot_service.bot - WARNING - Verification failed for channel yourchy, disconnecting...
2025-09-22 11:48:52 - bot_service.bot - INFO - Left channel: yourchy
2025-09-22 11:49:06 - bot_service - INFO - Bot instance already exists
2025-09-22 11:49:06 - bot_service - INFO - Bot already connected to channel: yourchy, returning existing code
2025-09-22 11:49:15 - bot_service - INFO - Bot instance already exists
2025-09-22 11:49:15 - bot_service - INFO - Bot already connected to channel: yourchy, returning existing code
2025-09-22 11:50:25 - bot_service - INFO - 🛑 BOT_SERVICE ОСТАНОВЛЕН
2025-09-22 11:50:25 - bot_service - INFO - ⏰ Время: 2025-09-22 11:50:25
2025-09-22 11:50:54 - bot_service - INFO - === BOT SERVICE STARTED ===
2025-09-22 11:50:54 - bot_service - INFO - ==================================================
2025-09-22 11:50:54 - bot_service - INFO - СИСТЕМА ЗАПУЩЕНА - 2025-09-22 11:50:54
2025-09-22 11:50:54 - bot_service - INFO - ==================================================
2025-09-22 11:50:54 - bot_service - INFO - Python версия: 3.10.0 (tags/v3.10.0:b494f59, Oct  4 2021, 19:00:18) [MSC v.1929 64 bit (AMD64)]
2025-09-22 11:50:54 - bot_service - INFO - Платформа: Windows-10-10.0.26100-SP0
2025-09-22 11:50:54 - bot_service - INFO - Архитектура: ('64bit', 'WindowsPE')
2025-09-22 11:50:54 - bot_service - INFO - Процессор: AMD64 Family 25 Model 33 Stepping 2, AuthenticAMD
2025-09-22 11:50:54 - bot_service - INFO - Рабочая директория: H:\Programming\raw_code\AI\Python\TTS_TTV_0.02\bot_service
2025-09-22 11:50:54 - bot_service - INFO - ==================================================
2025-09-22 11:50:54 - bot_service - INFO - 🚀 BOT_SERVICE ЗАПУЩЕН
2025-09-22 11:50:54 - bot_service - INFO - 🌐 Порт: 8000
2025-09-22 11:50:54 - bot_service - INFO - 📁 Логи: logs/bot_service.log
2025-09-22 11:50:54 - bot_service - INFO - ⏰ Время: 2025-09-22 11:50:54
2025-09-22 11:50:54 - bot_service.database - INFO - ✅ База данных успешно инициализирована.
2025-09-22 11:51:03 - bot_service - INFO - Creating new bot instance...
2025-09-22 11:51:03 - bot_service - INFO - Bot instance created, starting bot...
2025-09-22 11:51:05 - bot_service.bot - INFO - Bot logged in as payedviewer
2025-09-22 11:51:05 - bot_service.bot - INFO - Bot user id: 1317705797
2025-09-22 11:51:05 - bot_service.bot - INFO - Connected to channels: []
2025-09-22 11:51:05 - bot_service - INFO - Bot startup task created
2025-09-22 11:51:05 - bot_service - INFO - Attempting to join channel: yourchy
2025-09-22 11:51:05 - bot_service.bot - INFO - Joined channel: yourchy
2025-09-22 11:51:05 - bot_service - INFO - Successfully connected to channel: yourchy, verification code: zCOvnKhFCUs
2025-09-22 11:51:05 - bot_service.bot - INFO - Joined channel: yourchy
2025-09-22 11:51:12 - bot_service.connection_manager - WARNING - Verification attempt from non-owner: ttsbottester for channel yourchy
2025-09-22 11:51:12 - bot_service.bot - WARNING - Verification failed for channel yourchy, disconnecting...
2025-09-22 11:51:12 - bot_service.bot - INFO - Left channel: yourchy
2025-09-22 11:51:12 - bot_service.bot - INFO - Cleared verification data for failed channel: yourchy
2025-09-22 11:51:18 - bot_service - INFO - Bot instance already exists
2025-09-22 11:51:18 - bot_service - INFO - Attempting to join channel: yourchy
2025-09-22 11:51:18 - bot_service.bot - INFO - Joined channel: yourchy
2025-09-22 11:51:18 - bot_service - INFO - Successfully connected to channel: yourchy, verification code: z6BrMMK24r8
2025-09-22 11:51:18 - bot_service.bot - INFO - Joined channel: yourchy
2025-09-22 11:51:29 - bot_service.connection_manager - INFO - Verification successful for channel yourchy by yourchy
2025-09-22 11:51:29 - bot_service.bot - INFO - Channel yourchy verified by yourchy
2025-09-22 11:52:20 - bot_service - INFO - Bot instance already exists
2025-09-22 11:52:20 - bot_service - INFO - Bot already verified for channel: yourchy, allowing reconnection
2025-09-22 11:52:20 - bot_service - INFO - Bot instance already exists
2025-09-22 11:52:20 - bot_service - INFO - Bot already verified for channel: yourchy, allowing reconnection
2025-09-22 11:52:33 - bot_service - INFO - Bot instance already exists
2025-09-22 11:52:33 - bot_service - INFO - Bot already verified for channel: yourchy, allowing reconnection
2025-09-22 11:52:33 - bot_service - INFO - Bot instance already exists
2025-09-22 11:52:33 - bot_service - INFO - Bot already verified for channel: yourchy, allowing reconnection
2025-09-22 11:52:48 - bot_service - INFO - Bot instance already exists
2025-09-22 11:52:48 - bot_service - INFO - Bot already verified for channel: yourchy, allowing reconnection
2025-09-22 11:52:48 - bot_service - INFO - Bot instance already exists
2025-09-22 11:52:48 - bot_service - INFO - Bot already verified for channel: yourchy, allowing reconnection
2025-09-22 11:52:55 - bot_service.bot - INFO - Left channel: yourchy
2025-09-22 11:52:55 - bot_service - INFO - Cleared verification data for channel: yourchy
2025-09-22 11:53:28 - bot_service.bot - INFO - Left channel: yourchy
2025-09-22 11:53:34 - bot_service - INFO - Bot instance already exists
2025-09-22 11:53:34 - bot_service - INFO - Attempting to join channel: yourchy
2025-09-22 11:53:34 - bot_service.bot - INFO - Joined channel: yourchy
2025-09-22 11:53:34 - bot_service - INFO - Successfully connected to channel: yourchy, verification code: jvyiNVzm4jU
2025-09-22 11:53:34 - bot_service.bot - INFO - Joined channel: yourchy
2025-09-22 11:53:39 - bot_service.connection_manager - INFO - Verification successful for channel yourchy by yourchy
2025-09-22 11:53:39 - bot_service.bot - INFO - Channel yourchy verified by yourchy
2025-09-22 11:53:47 - bot_service - INFO - Bot instance already exists
2025-09-22 11:53:47 - bot_service - INFO - Bot already verified for channel: yourchy, allowing reconnection
2025-09-22 11:53:47 - bot_service - INFO - Bot instance already exists
2025-09-22 11:53:47 - bot_service - INFO - Bot already verified for channel: yourchy, allowing reconnection
2025-09-22 11:54:02 - bot_service - INFO - Bot instance already exists
2025-09-22 11:54:02 - bot_service - INFO - Bot already verified for channel: yourchy, allowing reconnection
2025-09-22 11:55:19 - bot_service.bot - INFO - Left channel: yourchy
2025-09-22 11:55:19 - bot_service - INFO - Cleared verification data for channel: yourchy
2025-09-22 11:55:45 - bot_service.bot - INFO - Left channel: yourchy
2025-09-22 11:55:55 - bot_service - INFO - 🛑 BOT_SERVICE ОСТАНОВЛЕН
2025-09-22 11:55:55 - bot_service - INFO - ⏰ Время: 2025-09-22 11:55:55
2025-09-22 11:56:46 - bot_service - INFO - === BOT SERVICE STARTED ===
2025-09-22 11:56:46 - bot_service - INFO - ==================================================
2025-09-22 11:56:46 - bot_service - INFO - СИСТЕМА ЗАПУЩЕНА - 2025-09-22 11:56:46
2025-09-22 11:56:46 - bot_service - INFO - ==================================================
2025-09-22 11:56:46 - bot_service - INFO - Python версия: 3.10.0 (tags/v3.10.0:b494f59, Oct  4 2021, 19:00:18) [MSC v.1929 64 bit (AMD64)]
2025-09-22 11:56:46 - bot_service - INFO - Платформа: Windows-10-10.0.26100-SP0
2025-09-22 11:56:46 - bot_service - INFO - Архитектура: ('64bit', 'WindowsPE')
2025-09-22 11:56:46 - bot_service - INFO - Процессор: AMD64 Family 25 Model 33 Stepping 2, AuthenticAMD
2025-09-22 11:56:46 - bot_service - INFO - Рабочая директория: H:\Programming\raw_code\AI\Python\TTS_TTV_0.02\bot_service
2025-09-22 11:56:46 - bot_service - INFO - ==================================================
2025-09-22 11:56:46 - bot_service - INFO - 🚀 BOT_SERVICE ЗАПУЩЕН
2025-09-22 11:56:46 - bot_service - INFO - 🌐 Порт: 8000
2025-09-22 11:56:46 - bot_service - INFO - 📁 Логи: logs/bot_service.log
2025-09-22 11:56:46 - bot_service - INFO - ⏰ Время: 2025-09-22 11:56:46
2025-09-22 11:56:46 - bot_service.database - INFO - ✅ База данных успешно инициализирована.
2025-09-22 11:58:03 - bot_service - INFO - Creating new bot instance...
2025-09-22 11:58:03 - bot_service - INFO - Bot instance created, starting bot...
2025-09-22 11:58:05 - bot_service.bot - INFO - Bot logged in as payedviewer
2025-09-22 11:58:05 - bot_service.bot - INFO - Bot user id: 1317705797
2025-09-22 11:58:05 - bot_service.bot - INFO - Connected to channels: []
2025-09-22 11:58:05 - bot_service - INFO - Bot startup task created
2025-09-22 11:58:05 - bot_service - INFO - Attempting to join channel: yourchy
2025-09-22 11:58:05 - bot_service.bot - INFO - Joined channel: yourchy
2025-09-22 11:58:05 - bot_service - INFO - Successfully connected to channel: yourchy, verification code: XBnR3N-ImT0
2025-09-22 11:58:06 - bot_service.bot - INFO - Joined channel: yourchy
2025-09-22 11:58:24 - bot_service.connection_manager - INFO - Verification successful for channel yourchy by yourchy
2025-09-22 11:58:24 - bot_service.bot - INFO - Channel yourchy verified by yourchy
2025-09-22 11:59:52 - bot_service - INFO - 🛑 BOT_SERVICE ОСТАНОВЛЕН
2025-09-22 11:59:52 - bot_service - INFO - ⏰ Время: 2025-09-22 11:59:52
2025-09-22 11:59:56 - bot_service - INFO - === BOT SERVICE STARTED ===
2025-09-22 11:59:56 - bot_service - INFO - ==================================================
2025-09-22 11:59:56 - bot_service - INFO - СИСТЕМА ЗАПУЩЕНА - 2025-09-22 11:59:56
2025-09-22 11:59:56 - bot_service - INFO - ==================================================
2025-09-22 11:59:56 - bot_service - INFO - Python версия: 3.10.0 (tags/v3.10.0:b494f59, Oct  4 2021, 19:00:18) [MSC v.1929 64 bit (AMD64)]
2025-09-22 11:59:56 - bot_service - INFO - Платформа: Windows-10-10.0.26100-SP0
2025-09-22 11:59:56 - bot_service - INFO - Архитектура: ('64bit', 'WindowsPE')
2025-09-22 11:59:56 - bot_service - INFO - Процессор: AMD64 Family 25 Model 33 Stepping 2, AuthenticAMD
2025-09-22 11:59:56 - bot_service - INFO - Рабочая директория: H:\Programming\raw_code\AI\Python\TTS_TTV_0.02\bot_service
2025-09-22 11:59:56 - bot_service - INFO - ==================================================
2025-09-22 11:59:56 - bot_service - INFO - 🚀 BOT_SERVICE ЗАПУЩЕН
2025-09-22 11:59:56 - bot_service - INFO - 🌐 Порт: 8000
2025-09-22 11:59:56 - bot_service - INFO - 📁 Логи: logs/bot_service.log
2025-09-22 11:59:56 - bot_service - INFO - ⏰ Время: 2025-09-22 11:59:56
2025-09-22 11:59:56 - bot_service.database - INFO - ✅ База данных успешно инициализирована.
2025-09-22 12:00:10 - bot_service - INFO - Creating new bot instance...
2025-09-22 12:00:10 - bot_service - INFO - Bot instance created, starting bot...
2025-09-22 12:00:11 - bot_service.bot - INFO - Bot logged in as payedviewer
2025-09-22 12:00:11 - bot_service.bot - INFO - Bot user id: 1317705797
2025-09-22 12:00:11 - bot_service.bot - INFO - Connected to channels: []
2025-09-22 12:00:12 - bot_service - INFO - Bot startup task created
2025-09-22 12:00:12 - bot_service - INFO - Attempting to join channel: yourchy
2025-09-22 12:00:12 - bot_service.bot - INFO - Joined channel: yourchy
2025-09-22 12:00:12 - bot_service - INFO - Successfully connected to channel: yourchy, verification code: eM2YYQzpFLA
2025-09-22 12:00:12 - bot_service.bot - INFO - Joined channel: yourchy
2025-09-22 12:00:19 - bot_service - INFO - Bot instance already exists
2025-09-22 12:00:19 - bot_service - INFO - Bot already connected to channel: yourchy, returning existing code
2025-09-22 12:00:50 - bot_service - INFO - Bot instance already exists
2025-09-22 12:00:50 - bot_service - INFO - Bot already connected to channel: yourchy, returning existing code
2025-09-22 12:01:17 - bot_service.bot - INFO - Left channel: yourchy
2025-09-22 12:01:17 - bot_service.bot - INFO - Left channel: yourchy
2025-09-22 12:01:46 - bot_service - INFO - 🛑 BOT_SERVICE ОСТАНОВЛЕН
2025-09-22 12:01:46 - bot_service - INFO - ⏰ Время: 2025-09-22 12:01:46
2025-09-22 12:07:21 - bot_service - INFO - === BOT SERVICE STARTED ===
2025-09-22 12:07:21 - bot_service - INFO - ==================================================
2025-09-22 12:07:21 - bot_service - INFO - СИСТЕМА ЗАПУЩЕНА - 2025-09-22 12:07:21
2025-09-22 12:07:21 - bot_service - INFO - ==================================================
2025-09-22 12:07:21 - bot_service - INFO - Python версия: 3.10.0 (tags/v3.10.0:b494f59, Oct  4 2021, 19:00:18) [MSC v.1929 64 bit (AMD64)]
2025-09-22 12:07:21 - bot_service - INFO - Платформа: Windows-10-10.0.26100-SP0
2025-09-22 12:07:21 - bot_service - INFO - Архитектура: ('64bit', 'WindowsPE')
2025-09-22 12:07:21 - bot_service - INFO - Процессор: AMD64 Family 25 Model 33 Stepping 2, AuthenticAMD
2025-09-22 12:07:21 - bot_service - INFO - Рабочая директория: H:\Programming\raw_code\AI\Python\TTS_TTV_0.02\bot_service
2025-09-22 12:07:21 - bot_service - INFO - ==================================================
2025-09-22 12:07:21 - bot_service - INFO - 🚀 BOT_SERVICE ЗАПУЩЕН
2025-09-22 12:07:21 - bot_service - INFO - 🌐 Порт: 8000
2025-09-22 12:07:21 - bot_service - INFO - 📁 Логи: logs/bot_service.log
2025-09-22 12:07:21 - bot_service - INFO - ⏰ Время: 2025-09-22 12:07:21
2025-09-22 12:07:21 - bot_service.database - INFO - ✅ База данных успешно инициализирована.
2025-09-22 12:07:50 - bot_service - INFO - Creating new bot instance...
2025-09-22 12:07:50 - bot_service - INFO - Bot instance created, starting bot...
2025-09-22 12:07:51 - bot_service.bot - INFO - Bot logged in as payedviewer
2025-09-22 12:07:51 - bot_service.bot - INFO - Bot user id: 1317705797
2025-09-22 12:07:51 - bot_service.bot - INFO - Connected to channels: []
2025-09-22 12:07:52 - bot_service - INFO - Bot startup task created
2025-09-22 12:07:52 - bot_service - INFO - Attempting to join channel: yourchy
2025-09-22 12:07:52 - bot_service.bot - INFO - Joined channel: yourchy
2025-09-22 12:07:52 - bot_service - INFO - Successfully connected to channel: yourchy, verification code: wB3j6lLZ_cE
2025-09-22 12:07:52 - bot_service.bot - INFO - Joined channel: yourchy
2025-09-22 12:08:01 - bot_service.connection_manager - INFO - Verification successful for channel yourchy by yourchy
2025-09-22 12:08:01 - bot_service.connection_manager - INFO - Saved verification to database for channel: yourchy
2025-09-22 12:08:01 - bot_service.bot - INFO - Channel yourchy verified by yourchy
2025-09-22 12:09:12 - bot_service - INFO - Bot instance already exists
2025-09-22 12:09:12 - bot_service - INFO - Bot already verified for channel: yourchy, allowing reconnection
2025-09-22 12:09:12 - bot_service - INFO - Bot instance already exists
2025-09-22 12:09:12 - bot_service - INFO - Bot already verified for channel: yourchy, allowing reconnection
2025-09-22 12:09:42 - bot_service - INFO - Reconnecting to verified channel: yourchy
2025-09-22 12:11:22 - bot_service - INFO - 🛑 BOT_SERVICE ОСТАНОВЛЕН
2025-09-22 12:11:22 - bot_service - INFO - ⏰ Время: 2025-09-22 12:11:22
2025-09-22 12:11:30 - bot_service - INFO - === BOT SERVICE STARTED ===
2025-09-22 12:11:30 - bot_service - INFO - ==================================================
2025-09-22 12:11:30 - bot_service - INFO - СИСТЕМА ЗАПУЩЕНА - 2025-09-22 12:11:30
2025-09-22 12:11:30 - bot_service - INFO - ==================================================
2025-09-22 12:11:30 - bot_service - INFO - Python версия: 3.10.0 (tags/v3.10.0:b494f59, Oct  4 2021, 19:00:18) [MSC v.1929 64 bit (AMD64)]
2025-09-22 12:11:30 - bot_service - INFO - Платформа: Windows-10-10.0.26100-SP0
2025-09-22 12:11:30 - bot_service - INFO - Архитектура: ('64bit', 'WindowsPE')
2025-09-22 12:11:30 - bot_service - INFO - Процессор: AMD64 Family 25 Model 33 Stepping 2, AuthenticAMD
2025-09-22 12:11:30 - bot_service - INFO - Рабочая директория: H:\Programming\raw_code\AI\Python\TTS_TTV_0.02\bot_service
2025-09-22 12:11:30 - bot_service - INFO - ==================================================
2025-09-22 12:11:30 - bot_service - INFO - 🚀 BOT_SERVICE ЗАПУЩЕН
2025-09-22 12:11:30 - bot_service - INFO - 🌐 Порт: 8000
2025-09-22 12:11:30 - bot_service - INFO - 📁 Логи: logs/bot_service.log
2025-09-22 12:11:30 - bot_service - INFO - ⏰ Время: 2025-09-22 12:11:30
2025-09-22 12:11:30 - bot_service.database - INFO - ✅ База данных успешно инициализирована.
2025-09-22 12:12:03 - bot_service.connection_manager - INFO - Loaded verification from database for channel: yourchy
2025-09-22 12:12:03 - bot_service - INFO - Reconnecting to verified channel: yourchy
2025-09-22 12:12:39 - bot_service - INFO - Creating new bot instance...
2025-09-22 12:12:39 - bot_service - INFO - Bot instance created, starting bot...
2025-09-22 12:12:39 - bot_service - INFO - Bot instance already exists
2025-09-22 12:12:39 - bot_service - INFO - Bot already verified for channel: yourchy, requiring new verification for security
2025-09-22 12:12:41 - bot_service.bot - INFO - Bot logged in as payedviewer
2025-09-22 12:12:41 - bot_service.bot - INFO - Bot user id: 1317705797
2025-09-22 12:12:41 - bot_service.bot - INFO - Connected to channels: []
2025-09-22 12:12:41 - bot_service - INFO - Bot startup task created
2025-09-22 12:12:41 - bot_service - INFO - Bot already connected to channel: yourchy, generating new verification code
2025-09-22 12:14:02 - bot_service - INFO - 🛑 BOT_SERVICE ОСТАНОВЛЕН
2025-09-22 12:14:02 - bot_service - INFO - ⏰ Время: 2025-09-22 12:14:02
2025-09-22 12:14:04 - bot_service - INFO - === BOT SERVICE STARTED ===
2025-09-22 12:14:04 - bot_service - INFO - ==================================================
2025-09-22 12:14:04 - bot_service - INFO - СИСТЕМА ЗАПУЩЕНА - 2025-09-22 12:14:04
2025-09-22 12:14:04 - bot_service - INFO - ==================================================
2025-09-22 12:14:04 - bot_service - INFO - Python версия: 3.10.0 (tags/v3.10.0:b494f59, Oct  4 2021, 19:00:18) [MSC v.1929 64 bit (AMD64)]
2025-09-22 12:14:04 - bot_service - INFO - Платформа: Windows-10-10.0.26100-SP0
2025-09-22 12:14:04 - bot_service - INFO - Архитектура: ('64bit', 'WindowsPE')
2025-09-22 12:14:04 - bot_service - INFO - Процессор: AMD64 Family 25 Model 33 Stepping 2, AuthenticAMD
2025-09-22 12:14:04 - bot_service - INFO - Рабочая директория: H:\Programming\raw_code\AI\Python\TTS_TTV_0.02\bot_service
2025-09-22 12:14:04 - bot_service - INFO - ==================================================
2025-09-22 12:14:04 - bot_service - INFO - 🚀 BOT_SERVICE ЗАПУЩЕН
2025-09-22 12:14:04 - bot_service - INFO - 🌐 Порт: 8000
2025-09-22 12:14:04 - bot_service - INFO - 📁 Логи: logs/bot_service.log
2025-09-22 12:14:04 - bot_service - INFO - ⏰ Время: 2025-09-22 12:14:04
2025-09-22 12:14:04 - bot_service.database - INFO - ✅ База данных успешно инициализирована.
2025-09-22 12:15:37 - bot_service.connection_manager - INFO - Loaded verification from database for channel: yourchy
2025-09-22 12:15:37 - bot_service - INFO - Reconnecting to verified channel: yourchy
2025-09-22 12:15:58 - bot_service - INFO - Creating new bot instance...
2025-09-22 12:15:58 - bot_service - INFO - Bot instance created, starting bot...
2025-09-22 12:16:00 - bot_service.bot - INFO - Bot logged in as payedviewer
2025-09-22 12:16:00 - bot_service.bot - INFO - Bot user id: 1317705797
2025-09-22 12:16:00 - bot_service.bot - INFO - Connected to channels: []
2025-09-22 12:16:00 - bot_service - INFO - Bot startup task created
2025-09-22 12:16:00 - bot_service - INFO - Attempting to join channel: yourchy
2025-09-22 12:16:00 - bot_service.bot - INFO - Joined channel: yourchy
2025-09-22 12:16:00 - bot_service - INFO - Successfully connected to channel: yourchy, verification code: aVCf6Di5qS4
2025-09-22 12:16:01 - bot_service.bot - INFO - Joined channel: yourchy
2025-09-22 12:16:06 - bot_service.connection_manager - INFO - Verification successful for channel yourchy by yourchy
2025-09-22 12:16:06 - bot_service.connection_manager - INFO - Saved verification to database for channel: yourchy
2025-09-22 12:16:06 - bot_service.bot - INFO - Channel yourchy verified by yourchy
2025-09-22 12:16:14 - bot_service - INFO - Reconnecting to verified channel: yourchy
2025-09-22 12:16:14 - bot_service - INFO - Reconnecting to verified channel: yourchy
2025-09-22 12:16:27 - bot_service - INFO - Reconnecting to verified channel: yourchy
2025-09-22 12:16:27 - bot_service - INFO - Reconnecting to verified channel: yourchy
2025-09-22 12:18:14 - bot_service - INFO - 🛑 BOT_SERVICE ОСТАНОВЛЕН
2025-09-22 12:18:14 - bot_service - INFO - ⏰ Время: 2025-09-22 12:18:14
2025-09-22 12:18:33 - bot_service - INFO - === BOT SERVICE STARTED ===
2025-09-22 12:18:33 - bot_service - INFO - ==================================================
2025-09-22 12:18:33 - bot_service - INFO - СИСТЕМА ЗАПУЩЕНА - 2025-09-22 12:18:33
2025-09-22 12:18:33 - bot_service - INFO - ==================================================
2025-09-22 12:18:33 - bot_service - INFO - Python версия: 3.10.0 (tags/v3.10.0:b494f59, Oct  4 2021, 19:00:18) [MSC v.1929 64 bit (AMD64)]
2025-09-22 12:18:33 - bot_service - INFO - Платформа: Windows-10-10.0.26100-SP0
2025-09-22 12:18:33 - bot_service - INFO - Архитектура: ('64bit', 'WindowsPE')
2025-09-22 12:18:33 - bot_service - INFO - Процессор: AMD64 Family 25 Model 33 Stepping 2, AuthenticAMD
2025-09-22 12:18:33 - bot_service - INFO - Рабочая директория: H:\Programming\raw_code\AI\Python\TTS_TTV_0.02\bot_service
2025-09-22 12:18:33 - bot_service - INFO - ==================================================
2025-09-22 12:18:33 - bot_service - INFO - 🚀 BOT_SERVICE ЗАПУЩЕН
2025-09-22 12:18:33 - bot_service - INFO - 🌐 Порт: 8000
2025-09-22 12:18:33 - bot_service - INFO - 📁 Логи: logs/bot_service.log
2025-09-22 12:18:33 - bot_service - INFO - ⏰ Время: 2025-09-22 12:18:33
2025-09-22 12:18:33 - bot_service.database - INFO - ✅ База данных успешно инициализирована.
2025-09-22 12:18:56 - bot_service - INFO - Creating new bot instance...
2025-09-22 12:18:56 - bot_service - INFO - Bot instance created, starting bot...
2025-09-22 12:18:58 - bot_service.bot - INFO - Bot logged in as payedviewer
2025-09-22 12:18:58 - bot_service.bot - INFO - Bot user id: 1317705797
2025-09-22 12:18:58 - bot_service.bot - INFO - Connected to channels: []
2025-09-22 12:18:58 - bot_service - INFO - Bot startup task created
2025-09-22 12:18:58 - bot_service - INFO - Attempting to join channel: yourchy
2025-09-22 12:18:58 - bot_service.bot - INFO - Joined channel: yourchy
2025-09-22 12:18:58 - bot_service - INFO - Successfully connected to channel: yourchy, verification code: CcMheCOkChs
2025-09-22 12:18:58 - bot_service.bot - INFO - Joined channel: yourchy
2025-09-22 12:19:12 - bot_service.connection_manager - INFO - Verification successful for channel yourchy by yourchy
2025-09-22 12:19:12 - bot_service.connection_manager - INFO - Saved verification to database for channel: yourchy
2025-09-22 12:19:12 - bot_service.bot - INFO - Channel yourchy verified by yourchy
2025-09-22 12:19:27 - bot_service - INFO - Reconnecting to verified channel: yourchy
2025-09-22 12:19:27 - bot_service - INFO - Reconnecting to verified channel: yourchy
2025-09-22 12:19:39 - bot_service - INFO - Reconnecting to verified channel: yourchy
2025-09-22 12:19:39 - bot_service - INFO - Reconnecting to verified channel: yourchy
2025-09-22 12:20:14 - bot_service.connection_manager - INFO - Loaded verification from database for channel: yourchy
2025-09-22 12:20:14 - bot_service - INFO - Reconnecting to verified channel: yourchy
2025-09-22 12:20:43 - bot_service.connection_manager - INFO - Loaded verification from database for channel: yourchy
2025-09-22 12:20:43 - bot_service - INFO - Reconnecting to verified channel: yourchy
2025-09-22 12:21:08 - bot_service - INFO - Bot instance already exists
2025-09-22 12:21:08 - bot_service - INFO - Bot already verified for channel: yourchy, requiring new verification for security
2025-09-22 12:22:04 - bot_service.bot - WARNING - Verification failed for channel yourchy, disconnecting...
2025-09-22 12:22:04 - bot_service.bot - INFO - Left channel: yourchy
2025-09-22 12:22:04 - bot_service.bot - INFO - Cleared verification data for failed channel: yourchy
2025-09-22 12:22:04 - bot_service.connection_manager - INFO - Loaded verification from database for channel: yourchy
2025-09-22 12:22:10 - bot_service.connection_manager - INFO - Loaded verification from database for channel: yourchy
2025-09-22 12:22:10 - bot_service - INFO - Reconnecting to verified channel: yourchy
2025-09-22 12:22:20 - bot_service.connection_manager - INFO - Loaded verification from database for channel: yourchy
2025-09-22 12:22:20 - bot_service - INFO - Reconnecting to verified channel: yourchy
2025-09-22 12:23:48 - bot_service.bot - INFO - Left channel: yourchy
2025-09-22 12:23:48 - bot_service - INFO - Cleared verification data for channel: yourchy
2025-09-22 12:23:48 - bot_service - ERROR - Failed to clear verification data from database: name 'db' is not defined
2025-09-22 12:24:21 - bot_service - INFO - 🛑 BOT_SERVICE ОСТАНОВЛЕН
2025-09-22 12:24:21 - bot_service - INFO - ⏰ Время: 2025-09-22 12:24:21
2025-09-22 12:24:29 - bot_service - INFO - === BOT SERVICE STARTED ===
2025-09-22 12:24:29 - bot_service - INFO - ==================================================
2025-09-22 12:24:29 - bot_service - INFO - СИСТЕМА ЗАПУЩЕНА - 2025-09-22 12:24:29
2025-09-22 12:24:29 - bot_service - INFO - ==================================================
2025-09-22 12:24:29 - bot_service - INFO - Python версия: 3.10.0 (tags/v3.10.0:b494f59, Oct  4 2021, 19:00:18) [MSC v.1929 64 bit (AMD64)]
2025-09-22 12:24:29 - bot_service - INFO - Платформа: Windows-10-10.0.26100-SP0
2025-09-22 12:24:29 - bot_service - INFO - Архитектура: ('64bit', 'WindowsPE')
2025-09-22 12:24:29 - bot_service - INFO - Процессор: AMD64 Family 25 Model 33 Stepping 2, AuthenticAMD
2025-09-22 12:24:29 - bot_service - INFO - Рабочая директория: H:\Programming\raw_code\AI\Python\TTS_TTV_0.02\bot_service
2025-09-22 12:24:29 - bot_service - INFO - ==================================================
2025-09-22 12:24:29 - bot_service - INFO - 🚀 BOT_SERVICE ЗАПУЩЕН
2025-09-22 12:24:29 - bot_service - INFO - 🌐 Порт: 8000
2025-09-22 12:24:29 - bot_service - INFO - 📁 Логи: logs/bot_service.log
2025-09-22 12:24:29 - bot_service - INFO - ⏰ Время: 2025-09-22 12:24:29
2025-09-22 12:24:29 - bot_service.database - INFO - ✅ База данных успешно инициализирована.
2025-09-22 12:24:54 - bot_service - INFO - Creating new bot instance...
2025-09-22 12:24:54 - bot_service - INFO - Bot instance created, starting bot...
2025-09-22 12:24:55 - bot_service.bot - INFO - Bot logged in as payedviewer
2025-09-22 12:24:55 - bot_service.bot - INFO - Bot user id: 1317705797
2025-09-22 12:24:55 - bot_service.bot - INFO - Connected to channels: []
2025-09-22 12:24:56 - bot_service - INFO - Bot startup task created
2025-09-22 12:24:56 - bot_service - INFO - Attempting to join channel: yourchy
2025-09-22 12:24:56 - bot_service.bot - INFO - Joined channel: yourchy
2025-09-22 12:24:56 - bot_service - INFO - Successfully connected to channel: yourchy, verification code: _v_CN7nghI8
2025-09-22 12:24:56 - bot_service.bot - INFO - Joined channel: yourchy
2025-09-22 12:25:06 - bot_service.connection_manager - INFO - Verification successful for channel yourchy by yourchy
2025-09-22 12:25:07 - bot_service.connection_manager - INFO - Saved verification to database for channel: yourchy
2025-09-22 12:25:07 - bot_service.bot - INFO - Channel yourchy verified by yourchy
2025-09-22 12:25:27 - bot_service - INFO - Bot instance already exists
2025-09-22 12:25:27 - bot_service - INFO - Bot already verified for channel: yourchy, requiring new verification for security
2025-09-22 12:25:41 - bot_service.bot - WARNING - Verification failed for channel yourchy, disconnecting...
2025-09-22 12:25:41 - bot_service.bot - INFO - Left channel: yourchy
2025-09-22 12:25:41 - bot_service.bot - INFO - Cleared verification data for failed channel: yourchy
2025-09-22 12:25:43 - bot_service.connection_manager - INFO - Loaded verification from database for channel: yourchy
2025-09-22 12:28:51 - bot_service - INFO - 🛑 BOT_SERVICE ОСТАНОВЛЕН
2025-09-22 12:28:51 - bot_service - INFO - ⏰ Время: 2025-09-22 12:28:51
2025-09-22 12:29:37 - bot_service - INFO - === BOT SERVICE STARTED ===
2025-09-22 12:29:37 - bot_service - INFO - ==================================================
2025-09-22 12:29:37 - bot_service - INFO - СИСТЕМА ЗАПУЩЕНА - 2025-09-22 12:29:37
2025-09-22 12:29:37 - bot_service - INFO - ==================================================
2025-09-22 12:29:37 - bot_service - INFO - Python версия: 3.10.0 (tags/v3.10.0:b494f59, Oct  4 2021, 19:00:18) [MSC v.1929 64 bit (AMD64)]
2025-09-22 12:29:37 - bot_service - INFO - Платформа: Windows-10-10.0.26100-SP0
2025-09-22 12:29:37 - bot_service - INFO - Архитектура: ('64bit', 'WindowsPE')
2025-09-22 12:29:37 - bot_service - INFO - Процессор: AMD64 Family 25 Model 33 Stepping 2, AuthenticAMD
2025-09-22 12:29:37 - bot_service - INFO - Рабочая директория: H:\Programming\raw_code\AI\Python\TTS_TTV_0.02\bot_service
2025-09-22 12:29:37 - bot_service - INFO - ==================================================
2025-09-22 12:29:37 - bot_service - INFO - 🚀 BOT_SERVICE ЗАПУЩЕН
2025-09-22 12:29:37 - bot_service - INFO - 🌐 Порт: 8000
2025-09-22 12:29:37 - bot_service - INFO - 📁 Логи: logs/bot_service.log
2025-09-22 12:29:37 - bot_service - INFO - ⏰ Время: 2025-09-22 12:29:37
2025-09-22 12:29:37 - bot_service.database - INFO - ✅ База данных успешно инициализирована.
2025-09-22 12:29:52 - bot_service - INFO - 🛑 BOT_SERVICE ОСТАНОВЛЕН
2025-09-22 12:29:52 - bot_service - INFO - ⏰ Время: 2025-09-22 12:29:52
2025-09-22 12:31:35 - bot_service - INFO - === BOT SERVICE STARTED ===
2025-09-22 12:31:35 - bot_service - INFO - ==================================================
2025-09-22 12:31:35 - bot_service - INFO - СИСТЕМА ЗАПУЩЕНА - 2025-09-22 12:31:35
2025-09-22 12:31:35 - bot_service - INFO - ==================================================
2025-09-22 12:31:35 - bot_service - INFO - Python версия: 3.10.0 (tags/v3.10.0:b494f59, Oct  4 2021, 19:00:18) [MSC v.1929 64 bit (AMD64)]
2025-09-22 12:31:35 - bot_service - INFO - Платформа: Windows-10-10.0.26100-SP0
2025-09-22 12:31:35 - bot_service - INFO - Архитектура: ('64bit', 'WindowsPE')
2025-09-22 12:31:35 - bot_service - INFO - Процессор: AMD64 Family 25 Model 33 Stepping 2, AuthenticAMD
2025-09-22 12:31:35 - bot_service - INFO - Рабочая директория: H:\Programming\raw_code\AI\Python\TTS_TTV_0.02\bot_service
2025-09-22 12:31:35 - bot_service - INFO - ==================================================
2025-09-22 12:31:35 - bot_service - INFO - 🚀 BOT_SERVICE ЗАПУЩЕН
2025-09-22 12:31:35 - bot_service - INFO - 🌐 Порт: 8000
2025-09-22 12:31:35 - bot_service - INFO - 📁 Логи: logs/bot_service.log
2025-09-22 12:31:35 - bot_service - INFO - ⏰ Время: 2025-09-22 12:31:35
2025-09-22 12:31:35 - bot_service.database - INFO - ✅ База данных успешно инициализирована.
2025-09-22 12:32:57 - bot_service - INFO - Creating new bot instance...
2025-09-22 12:32:57 - bot_service - INFO - Bot instance created, starting bot...
2025-09-22 12:32:59 - bot_service.bot - INFO - Bot logged in as payedviewer
2025-09-22 12:32:59 - bot_service.bot - INFO - Bot user id: 1317705797
2025-09-22 12:32:59 - bot_service.bot - INFO - Connected to channels: []
2025-09-22 12:32:59 - bot_service - INFO - Bot startup task created
2025-09-22 12:32:59 - bot_service - INFO - Attempting to join channel: yourchy
2025-09-22 12:32:59 - bot_service.bot - INFO - Joined channel: yourchy
2025-09-22 12:32:59 - bot_service - INFO - Successfully connected to channel: yourchy, verification code: KVHTCwWcnPw
2025-09-22 12:32:59 - bot_service.bot - INFO - Joined channel: yourchy
2025-09-22 12:33:08 - bot_service.connection_manager - WARNING - Verification attempt from non-owner: ttsbottester for channel yourchy
2025-09-22 12:33:08 - bot_service.bot - WARNING - Verification failed for channel yourchy by ttsbottester, ignoring...
2025-09-22 12:33:47 - bot_service.connection_manager - INFO - Verification successful for channel yourchy by yourchy
2025-09-22 12:33:47 - bot_service.connection_manager - INFO - Saved verification to database for channel: yourchy
2025-09-22 12:33:47 - bot_service.bot - INFO - Channel yourchy verified by yourchy
2025-09-22 12:34:24 - bot_service - INFO - Bot instance already exists
2025-09-22 12:34:24 - bot_service - INFO - Bot already verified for channel: yourchy, requiring new verification for security
2025-09-22 12:34:46 - bot_service.connection_manager - INFO - Verification successful for channel yourchy by yourchy
2025-09-22 12:34:46 - bot_service.connection_manager - INFO - Saved verification to database for channel: yourchy
2025-09-22 12:34:46 - bot_service.bot - INFO - Channel yourchy verified by yourchy
2025-09-22 12:35:39 - bot_service - INFO - Bot instance already exists
2025-09-22 12:35:39 - bot_service - INFO - Bot already verified for channel: yourchy, requiring new verification for security
2025-09-22 12:35:47 - bot_service.connection_manager - WARNING - Verification attempt from non-owner: ttsbottester for channel yourchy
2025-09-22 12:35:47 - bot_service.bot - WARNING - Verification failed for channel yourchy by ttsbottester, ignoring...
2025-09-22 12:36:06 - bot_service.connection_manager - INFO - Verification successful for channel yourchy by yourchy
2025-09-22 12:36:06 - bot_service.connection_manager - INFO - Saved verification to database for channel: yourchy
2025-09-22 12:36:06 - bot_service.bot - INFO - Channel yourchy verified by yourchy
2025-09-22 12:37:42 - bot_service - INFO - Bot instance already exists
2025-09-22 12:37:42 - bot_service - INFO - Bot already verified for channel: yourchy, requiring new verification for security
2025-09-22 12:37:49 - bot_service.connection_manager - INFO - Verification successful for channel yourchy by yourchy
2025-09-22 12:37:49 - bot_service.connection_manager - INFO - Saved verification to database for channel: yourchy
2025-09-22 12:37:49 - bot_service.bot - INFO - Channel yourchy verified by yourchy
2025-09-22 12:41:34 - bot_service - INFO - Bot instance already exists
2025-09-22 12:41:34 - bot_service - INFO - Bot already verified for channel: yourchy, requiring new verification for security
2025-09-22 12:41:53 - bot_service.connection_manager - INFO - Verification successful for channel yourchy by yourchy
2025-09-22 12:41:53 - bot_service.connection_manager - INFO - Saved verification to database for channel: yourchy
2025-09-22 12:41:53 - bot_service.bot - INFO - Channel yourchy verified by yourchy
2025-09-22 12:42:49 - bot_service - INFO - 🛑 BOT_SERVICE ОСТАНОВЛЕН
2025-09-22 12:42:49 - bot_service - INFO - ⏰ Время: 2025-09-22 12:42:49
2025-09-22 12:43:05 - bot_service - INFO - === BOT SERVICE STARTED ===
2025-09-22 12:43:05 - bot_service - INFO - ==================================================
2025-09-22 12:43:05 - bot_service - INFO - СИСТЕМА ЗАПУЩЕНА - 2025-09-22 12:43:05
2025-09-22 12:43:05 - bot_service - INFO - ==================================================
2025-09-22 12:43:05 - bot_service - INFO - Python версия: 3.10.0 (tags/v3.10.0:b494f59, Oct  4 2021, 19:00:18) [MSC v.1929 64 bit (AMD64)]
2025-09-22 12:43:05 - bot_service - INFO - Платформа: Windows-10-10.0.26100-SP0
2025-09-22 12:43:05 - bot_service - INFO - Архитектура: ('64bit', 'WindowsPE')
2025-09-22 12:43:05 - bot_service - INFO - Процессор: AMD64 Family 25 Model 33 Stepping 2, AuthenticAMD
2025-09-22 12:43:05 - bot_service - INFO - Рабочая директория: H:\Programming\raw_code\AI\Python\TTS_TTV_0.02\bot_service
2025-09-22 12:43:05 - bot_service - INFO - ==================================================
2025-09-22 12:43:05 - bot_service - INFO - 🚀 BOT_SERVICE ЗАПУЩЕН
2025-09-22 12:43:05 - bot_service - INFO - 🌐 Порт: 8000
2025-09-22 12:43:05 - bot_service - INFO - 📁 Логи: logs/bot_service.log
2025-09-22 12:43:05 - bot_service - INFO - ⏰ Время: 2025-09-22 12:43:05
2025-09-22 12:43:05 - bot_service.database - INFO - ✅ База данных успешно инициализирована.
2025-09-22 12:43:44 - bot_service - INFO - Creating new bot instance...
2025-09-22 12:43:44 - bot_service - INFO - Bot instance created, starting bot...
2025-09-22 12:43:46 - bot_service.bot - INFO - Bot logged in as payedviewer
2025-09-22 12:43:46 - bot_service.bot - INFO - Bot user id: 1317705797
2025-09-22 12:43:46 - bot_service.bot - INFO - Connected to channels: []
2025-09-22 12:43:46 - bot_service - INFO - Bot startup task created
2025-09-22 12:43:46 - bot_service - INFO - Attempting to join channel: yourchy
2025-09-22 12:43:46 - bot_service.bot - INFO - Joined channel: yourchy
2025-09-22 12:43:46 - bot_service - INFO - Successfully connected to channel: yourchy, verification code: lTpM0RVLC8M
2025-09-22 12:43:47 - bot_service.bot - INFO - Joined channel: yourchy
2025-09-22 12:43:56 - bot_service.connection_manager - INFO - Verification successful for channel yourchy by yourchy
2025-09-22 12:43:56 - bot_service.connection_manager - INFO - Saved verification to database for channel: yourchy
2025-09-22 12:43:56 - bot_service.bot - INFO - Channel yourchy verified by yourchy
2025-09-22 12:44:46 - bot_service - INFO - Bot instance already exists
2025-09-22 12:44:46 - bot_service - INFO - Bot already verified for channel: yourchy, requiring new verification for security
2025-09-22 12:45:21 - bot_service.bot - WARNING - Verification failed for channel yourchy by yourchy, ignoring...
2025-09-22 12:45:37 - bot_service.bot - WARNING - Verification failed for channel yourchy by yourchy, ignoring...
2025-09-22 12:46:57 - bot_service - INFO - 🛑 BOT_SERVICE ОСТАНОВЛЕН
2025-09-22 12:46:57 - bot_service - INFO - ⏰ Время: 2025-09-22 12:46:57
2025-09-22 12:46:59 - bot_service - INFO - === BOT SERVICE STARTED ===
2025-09-22 12:46:59 - bot_service - INFO - ==================================================
2025-09-22 12:46:59 - bot_service - INFO - СИСТЕМА ЗАПУЩЕНА - 2025-09-22 12:46:59
2025-09-22 12:46:59 - bot_service - INFO - ==================================================
2025-09-22 12:46:59 - bot_service - INFO - Python версия: 3.10.0 (tags/v3.10.0:b494f59, Oct  4 2021, 19:00:18) [MSC v.1929 64 bit (AMD64)]
2025-09-22 12:46:59 - bot_service - INFO - Платформа: Windows-10-10.0.26100-SP0
2025-09-22 12:46:59 - bot_service - INFO - Архитектура: ('64bit', 'WindowsPE')
2025-09-22 12:46:59 - bot_service - INFO - Процессор: AMD64 Family 25 Model 33 Stepping 2, AuthenticAMD
2025-09-22 12:46:59 - bot_service - INFO - Рабочая директория: H:\Programming\raw_code\AI\Python\TTS_TTV_0.02\bot_service
2025-09-22 12:46:59 - bot_service - INFO - ==================================================
2025-09-22 12:46:59 - bot_service - INFO - 🚀 BOT_SERVICE ЗАПУЩЕН
2025-09-22 12:46:59 - bot_service - INFO - 🌐 Порт: 8000
2025-09-22 12:46:59 - bot_service - INFO - 📁 Логи: logs/bot_service.log
2025-09-22 12:46:59 - bot_service - INFO - ⏰ Время: 2025-09-22 12:46:59
2025-09-22 12:46:59 - bot_service.database - INFO - ✅ База данных успешно инициализирована.
2025-09-22 12:47:25 - bot_service - INFO - Creating new bot instance...
2025-09-22 12:47:25 - bot_service - INFO - Bot instance created, starting bot...
2025-09-22 12:47:27 - bot_service.bot - INFO - Bot logged in as payedviewer
2025-09-22 12:47:27 - bot_service.bot - INFO - Bot user id: 1317705797
2025-09-22 12:47:27 - bot_service.bot - INFO - Connected to channels: []
2025-09-22 12:47:27 - bot_service - INFO - Bot startup task created
2025-09-22 12:47:27 - bot_service - INFO - Attempting to join channel: yourchy
2025-09-22 12:47:27 - bot_service.bot - INFO - Joined channel: yourchy
2025-09-22 12:47:27 - bot_service - INFO - Successfully connected to channel: yourchy, verification code: ctI8IF5IQNI
2025-09-22 12:47:27 - bot_service.bot - INFO - Joined channel: yourchy
2025-09-22 12:47:35 - bot_service.connection_manager - INFO - Verification successful for channel yourchy by yourchy
2025-09-22 12:47:35 - bot_service.connection_manager - INFO - Saved verification to database for channel: yourchy
2025-09-22 12:47:35 - bot_service.bot - INFO - Channel yourchy verified by yourchy
2025-09-22 12:48:32 - bot_service - INFO - Bot instance already exists
2025-09-22 12:48:32 - bot_service - INFO - Attempting to join channel: yourchy
2025-09-22 12:48:32 - bot_service.bot - INFO - Joined channel: yourchy
2025-09-22 12:48:32 - bot_service - INFO - Successfully connected to channel: yourchy, verification code: AsyNiZtkyxs
2025-09-22 12:48:32 - bot_service.bot - INFO - Joined channel: yourchy
2025-09-22 12:49:40 - bot_service.connection_manager - INFO - Verification code expired for channel yourchy
2025-09-22 12:49:40 - bot_service.bot - WARNING - Verification failed for channel yourchy by yourchy, clearing verification data...
2025-09-22 12:49:51 - bot_service - INFO - 🛑 BOT_SERVICE ОСТАНОВЛЕН
2025-09-22 12:49:51 - bot_service - INFO - ⏰ Время: 2025-09-22 12:49:51
2025-09-22 12:49:57 - bot_service - INFO - === BOT SERVICE STARTED ===
2025-09-22 12:49:57 - bot_service - INFO - ==================================================
2025-09-22 12:49:57 - bot_service - INFO - СИСТЕМА ЗАПУЩЕНА - 2025-09-22 12:49:57
2025-09-22 12:49:57 - bot_service - INFO - ==================================================
2025-09-22 12:49:57 - bot_service - INFO - Python версия: 3.10.0 (tags/v3.10.0:b494f59, Oct  4 2021, 19:00:18) [MSC v.1929 64 bit (AMD64)]
2025-09-22 12:49:57 - bot_service - INFO - Платформа: Windows-10-10.0.26100-SP0
2025-09-22 12:49:57 - bot_service - INFO - Архитектура: ('64bit', 'WindowsPE')
2025-09-22 12:49:57 - bot_service - INFO - Процессор: AMD64 Family 25 Model 33 Stepping 2, AuthenticAMD
2025-09-22 12:49:57 - bot_service - INFO - Рабочая директория: H:\Programming\raw_code\AI\Python\TTS_TTV_0.02\bot_service
2025-09-22 12:49:57 - bot_service - INFO - ==================================================
2025-09-22 12:49:57 - bot_service - INFO - 🚀 BOT_SERVICE ЗАПУЩЕН
2025-09-22 12:49:57 - bot_service - INFO - 🌐 Порт: 8000
2025-09-22 12:49:57 - bot_service - INFO - 📁 Логи: logs/bot_service.log
2025-09-22 12:49:57 - bot_service - INFO - ⏰ Время: 2025-09-22 12:49:57
2025-09-22 12:49:57 - bot_service.database - INFO - ✅ База данных успешно инициализирована.
2025-09-22 12:49:59 - bot_service - INFO - 🛑 BOT_SERVICE ОСТАНОВЛЕН
2025-09-22 12:49:59 - bot_service - INFO - ⏰ Время: 2025-09-22 12:49:59
2025-09-22 12:50:26 - bot_service - INFO - === BOT SERVICE STARTED ===
2025-09-22 12:50:26 - bot_service - INFO - ==================================================
2025-09-22 12:50:26 - bot_service - INFO - СИСТЕМА ЗАПУЩЕНА - 2025-09-22 12:50:26
2025-09-22 12:50:26 - bot_service - INFO - ==================================================
2025-09-22 12:50:26 - bot_service - INFO - Python версия: 3.10.0 (tags/v3.10.0:b494f59, Oct  4 2021, 19:00:18) [MSC v.1929 64 bit (AMD64)]
2025-09-22 12:50:26 - bot_service - INFO - Платформа: Windows-10-10.0.26100-SP0
2025-09-22 12:50:26 - bot_service - INFO - Архитектура: ('64bit', 'WindowsPE')
2025-09-22 12:50:26 - bot_service - INFO - Процессор: AMD64 Family 25 Model 33 Stepping 2, AuthenticAMD
2025-09-22 12:50:26 - bot_service - INFO - Рабочая директория: H:\Programming\raw_code\AI\Python\TTS_TTV_0.02\bot_service
2025-09-22 12:50:26 - bot_service - INFO - ==================================================
2025-09-22 12:50:26 - bot_service - INFO - 🚀 BOT_SERVICE ЗАПУЩЕН
2025-09-22 12:50:26 - bot_service - INFO - 🌐 Порт: 8000
2025-09-22 12:50:26 - bot_service - INFO - 📁 Логи: logs/bot_service.log
2025-09-22 12:50:26 - bot_service - INFO - ⏰ Время: 2025-09-22 12:50:26
2025-09-22 12:50:26 - bot_service.database - INFO - ✅ База данных успешно инициализирована.
2025-09-22 12:50:42 - bot_service - INFO - Creating new bot instance...
2025-09-22 12:50:42 - bot_service - INFO - Bot instance created, starting bot...
2025-09-22 12:50:44 - bot_service.bot - INFO - Bot logged in as payedviewer
2025-09-22 12:50:44 - bot_service.bot - INFO - Bot user id: 1317705797
2025-09-22 12:50:44 - bot_service.bot - INFO - Connected to channels: []
2025-09-22 12:50:44 - bot_service - INFO - Bot startup task created
2025-09-22 12:50:44 - bot_service - INFO - Attempting to join channel: yourchy
2025-09-22 12:50:44 - bot_service.bot - INFO - Joined channel: yourchy
2025-09-22 12:50:44 - bot_service - INFO - Successfully connected to channel: yourchy, verification code: DxVaiKUiyg4
2025-09-22 12:50:44 - bot_service.bot - INFO - Joined channel: yourchy
2025-09-22 12:50:47 - bot_service.connection_manager - INFO - Verification successful for channel yourchy by yourchy
2025-09-22 12:50:47 - bot_service.connection_manager - INFO - Saved verification to database for channel: yourchy
2025-09-22 12:50:47 - bot_service.bot - INFO - Channel yourchy verified by yourchy using key yourchy
2025-09-22 12:51:00 - bot_service - INFO - Bot instance already exists
2025-09-22 12:51:00 - bot_service - INFO - Bot already verified for channel: yourchy, requiring new verification for security
2025-09-22 12:51:23 - bot_service - INFO - Bot instance already exists
2025-09-22 12:51:23 - bot_service - INFO - Bot already verified for channel: yourchy, requiring new verification for security
2025-09-22 12:51:47 - bot_service.connection_manager - INFO - Loaded verification from database for channel: yourchy
2025-09-22 12:52:21 - bot_service.connection_manager - WARNING - Verification attempt from non-owner: yourchy for channel yourchy_new
2025-09-22 12:52:21 - bot_service.bot - WARNING - Verification failed for channel yourchy by yourchy using key yourchy_new, clearing verification data...
2025-09-22 12:52:47 - bot_service - INFO - 🛑 BOT_SERVICE ОСТАНОВЛЕН
2025-09-22 12:52:47 - bot_service - INFO - ⏰ Время: 2025-09-22 12:52:47
2025-09-22 12:52:59 - bot_service - INFO - === BOT SERVICE STARTED ===
2025-09-22 12:52:59 - bot_service - INFO - ==================================================
2025-09-22 12:52:59 - bot_service - INFO - СИСТЕМА ЗАПУЩЕНА - 2025-09-22 12:52:59
2025-09-22 12:52:59 - bot_service - INFO - ==================================================
2025-09-22 12:52:59 - bot_service - INFO - Python версия: 3.10.0 (tags/v3.10.0:b494f59, Oct  4 2021, 19:00:18) [MSC v.1929 64 bit (AMD64)]
2025-09-22 12:52:59 - bot_service - INFO - Платформа: Windows-10-10.0.26100-SP0
2025-09-22 12:52:59 - bot_service - INFO - Архитектура: ('64bit', 'WindowsPE')
2025-09-22 12:52:59 - bot_service - INFO - Процессор: AMD64 Family 25 Model 33 Stepping 2, AuthenticAMD
2025-09-22 12:52:59 - bot_service - INFO - Рабочая директория: H:\Programming\raw_code\AI\Python\TTS_TTV_0.02\bot_service
2025-09-22 12:52:59 - bot_service - INFO - ==================================================
2025-09-22 12:52:59 - bot_service - INFO - 🚀 BOT_SERVICE ЗАПУЩЕН
2025-09-22 12:52:59 - bot_service - INFO - 🌐 Порт: 8000
2025-09-22 12:52:59 - bot_service - INFO - 📁 Логи: logs/bot_service.log
2025-09-22 12:52:59 - bot_service - INFO - ⏰ Время: 2025-09-22 12:52:59
2025-09-22 12:52:59 - bot_service.database - INFO - ✅ База данных успешно инициализирована.
2025-09-22 12:52:59 - bot_service - INFO - Loaded verification from database for channel: yourchy
2025-09-22 12:52:59 - bot_service - INFO - Loaded 1 verifications from database
2025-09-22 12:53:14 - bot_service - INFO - Creating new bot instance...
2025-09-22 12:53:14 - bot_service - INFO - Bot instance created, starting bot...
2025-09-22 12:53:16 - bot_service.bot - INFO - Bot logged in as payedviewer
2025-09-22 12:53:16 - bot_service.bot - INFO - Bot user id: 1317705797
2025-09-22 12:53:16 - bot_service.bot - INFO - Connected to channels: []
2025-09-22 12:53:16 - bot_service - INFO - Bot startup task created
2025-09-22 12:53:16 - bot_service - INFO - Bot already verified for channel: yourchy, requiring new verification for security
2025-09-22 12:53:32 - bot_service - INFO - Bot instance already exists
2025-09-22 12:53:32 - bot_service - INFO - Attempting to join channel: yourchy
2025-09-22 12:53:32 - bot_service.bot - INFO - Joined channel: yourchy
2025-09-22 12:53:32 - bot_service - INFO - Successfully connected to channel: yourchy, verification code: IlZol_Grv6s
2025-09-22 12:53:32 - bot_service.bot - INFO - Joined channel: yourchy
2025-09-22 12:53:41 - bot_service.connection_manager - INFO - Verification successful for channel yourchy by yourchy
2025-09-22 12:53:41 - bot_service.connection_manager - INFO - Saved verification to database for channel: yourchy
2025-09-22 12:53:41 - bot_service.bot - INFO - Channel yourchy verified by yourchy using key yourchy
2025-09-22 12:56:48 - bot_service - INFO - 🛑 BOT_SERVICE ОСТАНОВЛЕН
2025-09-22 12:56:48 - bot_service - INFO - ⏰ Время: 2025-09-22 12:56:48
2025-09-22 12:56:51 - bot_service - INFO - === BOT SERVICE STARTED ===
2025-09-22 12:56:51 - bot_service - INFO - ==================================================
2025-09-22 12:56:51 - bot_service - INFO - СИСТЕМА ЗАПУЩЕНА - 2025-09-22 12:56:51
2025-09-22 12:56:51 - bot_service - INFO - ==================================================
2025-09-22 12:56:51 - bot_service - INFO - Python версия: 3.10.0 (tags/v3.10.0:b494f59, Oct  4 2021, 19:00:18) [MSC v.1929 64 bit (AMD64)]
2025-09-22 12:56:51 - bot_service - INFO - Платформа: Windows-10-10.0.26100-SP0
2025-09-22 12:56:51 - bot_service - INFO - Архитектура: ('64bit', 'WindowsPE')
2025-09-22 12:56:51 - bot_service - INFO - Процессор: AMD64 Family 25 Model 33 Stepping 2, AuthenticAMD
2025-09-22 12:56:51 - bot_service - INFO - Рабочая директория: H:\Programming\raw_code\AI\Python\TTS_TTV_0.02\bot_service
2025-09-22 12:56:51 - bot_service - INFO - ==================================================
2025-09-22 12:56:51 - bot_service - INFO - 🚀 BOT_SERVICE ЗАПУЩЕН
2025-09-22 12:56:51 - bot_service - INFO - 🌐 Порт: 8000
2025-09-22 12:56:51 - bot_service - INFO - 📁 Логи: logs/bot_service.log
2025-09-22 12:56:51 - bot_service - INFO - ⏰ Время: 2025-09-22 12:56:51
2025-09-22 12:56:51 - bot_service.database - INFO - ✅ База данных успешно инициализирована.
2025-09-22 12:56:51 - bot_service - INFO - Loaded verification from database for channel: yourchy
2025-09-22 12:56:51 - bot_service - INFO - Loaded 1 verifications from database
2025-09-22 12:57:04 - bot_service - INFO - Creating new bot instance...
2025-09-22 12:57:04 - bot_service - INFO - Bot instance created, starting bot...
2025-09-22 12:57:06 - bot_service.bot - INFO - Bot logged in as payedviewer
2025-09-22 12:57:06 - bot_service.bot - INFO - Bot user id: 1317705797
2025-09-22 12:57:06 - bot_service.bot - INFO - Connected to channels: []
2025-09-22 12:57:06 - bot_service - INFO - Bot startup task created
2025-09-22 12:57:06 - bot_service - INFO - Bot already verified for channel: yourchy, requiring new verification for security
2025-09-22 12:57:24 - bot_service - INFO - Bot instance already exists
2025-09-22 12:57:24 - bot_service - INFO - Attempting to join channel: yourchy
2025-09-22 12:57:24 - bot_service.bot - INFO - Joined channel: yourchy
2025-09-22 12:57:24 - bot_service - INFO - Successfully connected to channel: yourchy, verification code: qELWEHMQCRw
2025-09-22 12:57:24 - bot_service.bot - INFO - Joined channel: yourchy
2025-09-22 12:57:27 - bot_service.connection_manager - INFO - Verification successful for channel yourchy by yourchy
2025-09-22 12:57:27 - bot_service.connection_manager - INFO - Saved verification to database for channel: yourchy
2025-09-22 12:57:27 - bot_service.bot - INFO - Channel yourchy verified by yourchy using key yourchy
2025-09-22 12:59:54 - bot_service - INFO - Bot instance already exists
2025-09-22 12:59:54 - bot_service - INFO - Attempting to join channel: yourchy
2025-09-22 12:59:54 - bot_service.bot - INFO - Joined channel: yourchy
2025-09-22 12:59:54 - bot_service - INFO - Successfully connected to channel: yourchy, verification code: 9hTNRC3WsmY
2025-09-22 12:59:54 - bot_service.bot - INFO - Joined channel: yourchy
2025-09-22 12:59:58 - bot_service.connection_manager - INFO - Verification successful for channel yourchy by yourchy
2025-09-22 12:59:58 - bot_service.connection_manager - INFO - Saved verification to database for channel: yourchy
2025-09-22 12:59:58 - bot_service.bot - INFO - Channel yourchy verified by yourchy using key yourchy
2025-09-22 13:01:09 - bot_service - INFO - Bot instance already exists
2025-09-22 13:01:09 - bot_service - INFO - Attempting to join channel: yourchy
2025-09-22 13:01:09 - bot_service.bot - INFO - Joined channel: yourchy
2025-09-22 13:01:09 - bot_service - INFO - Successfully connected to channel: yourchy, verification code: syteoeg53x0
2025-09-22 13:01:09 - bot_service.bot - INFO - Joined channel: yourchy
2025-09-22 13:01:13 - bot_service.connection_manager - INFO - Verification successful for channel yourchy by yourchy
2025-09-22 13:01:13 - bot_service.connection_manager - INFO - Saved verification to database for channel: yourchy
2025-09-22 13:01:13 - bot_service.bot - INFO - Channel yourchy verified by yourchy using key yourchy
2025-09-22 13:03:28 - bot_service.connection_manager - INFO - Verification code expired for channel yourchy_new
2025-09-22 13:03:28 - bot_service.bot - WARNING - Verification failed for channel yourchy by yourchy using key yourchy_new, clearing verification data...
2025-09-22 13:03:28 - bot_service.bot - ERROR - Bot error: 'yourchy_new'
2025-09-22 13:04:55 - bot_service - INFO - Bot instance already exists
2025-09-22 13:04:55 - bot_service - INFO - Attempting to join channel: yourchy
2025-09-22 13:04:55 - bot_service.bot - INFO - Joined channel: yourchy
2025-09-22 13:04:55 - bot_service - INFO - Successfully connected to channel: yourchy, verification code: wJVBlLV-Gdk
2025-09-22 13:04:55 - bot_service.bot - INFO - Joined channel: yourchy
2025-09-22 13:04:58 - bot_service.connection_manager - INFO - Verification successful for channel yourchy by yourchy
2025-09-22 13:04:58 - bot_service.connection_manager - INFO - Saved verification to database for channel: yourchy
2025-09-22 13:04:58 - bot_service.bot - INFO - Channel yourchy verified by yourchy using key yourchy
2025-09-22 13:09:26 - bot_service - INFO - 🛑 BOT_SERVICE ОСТАНОВЛЕН
2025-09-22 13:09:26 - bot_service - INFO - ⏰ Время: 2025-09-22 13:09:26
2025-09-22 13:10:32 - bot_service - INFO - === BOT SERVICE STARTED ===
2025-09-22 13:10:32 - bot_service - INFO - ==================================================
2025-09-22 13:10:32 - bot_service - INFO - СИСТЕМА ЗАПУЩЕНА - 2025-09-22 13:10:32
2025-09-22 13:10:32 - bot_service - INFO - ==================================================
2025-09-22 13:10:32 - bot_service - INFO - Python версия: 3.10.0 (tags/v3.10.0:b494f59, Oct  4 2021, 19:00:18) [MSC v.1929 64 bit (AMD64)]
2025-09-22 13:10:32 - bot_service - INFO - Платформа: Windows-10-10.0.26100-SP0
2025-09-22 13:10:32 - bot_service - INFO - Архитектура: ('64bit', 'WindowsPE')
2025-09-22 13:10:32 - bot_service - INFO - Процессор: AMD64 Family 25 Model 33 Stepping 2, AuthenticAMD
2025-09-22 13:10:32 - bot_service - INFO - Рабочая директория: H:\Programming\raw_code\AI\Python\TTS_TTV_0.02\bot_service
2025-09-22 13:10:32 - bot_service - INFO - ==================================================
2025-09-22 13:10:32 - bot_service - INFO - 🚀 BOT_SERVICE ЗАПУЩЕН
2025-09-22 13:10:32 - bot_service - INFO - 🌐 Порт: 8000
2025-09-22 13:10:32 - bot_service - INFO - 📁 Логи: logs/bot_service.log
2025-09-22 13:10:32 - bot_service - INFO - ⏰ Время: 2025-09-22 13:10:32
2025-09-22 13:10:32 - bot_service.database - INFO - ✅ База данных успешно инициализирована.
2025-09-22 13:10:32 - bot_service - INFO - Loaded verification from database for channel: yourchy
2025-09-22 13:10:32 - bot_service - INFO - Loaded 1 verifications from database
2025-09-22 13:10:49 - bot_service - INFO - Creating new bot instance...
2025-09-22 13:10:49 - bot_service - INFO - Bot instance created, starting bot...
2025-09-22 13:10:51 - bot_service.bot - INFO - Bot logged in as payedviewer
2025-09-22 13:10:51 - bot_service.bot - INFO - Bot user id: 1317705797
2025-09-22 13:10:51 - bot_service.bot - INFO - Connected to channels: []
2025-09-22 13:10:51 - bot_service - INFO - Bot startup task created
2025-09-22 13:10:51 - bot_service - INFO - Bot already verified for channel: yourchy, requiring new verification for security
2025-09-22 13:11:12 - bot_service.bot - INFO - Left channel: yourchy
2025-09-22 13:11:12 - bot_service - INFO - Cleared verification data for channel: yourchy
2025-09-22 13:11:12 - bot_service - ERROR - Failed to clear verification data from database: name 'db' is not defined
2025-09-22 13:11:16 - bot_service - INFO - Bot instance already exists
2025-09-22 13:11:16 - bot_service - INFO - Attempting to join channel: yourchy
2025-09-22 13:11:16 - bot_service.bot - INFO - Joined channel: yourchy
2025-09-22 13:11:16 - bot_service - INFO - Successfully connected to channel: yourchy, verification code: tO0sXMtDuYE
2025-09-22 13:11:16 - bot_service.bot - INFO - Joined channel: yourchy
2025-09-22 13:11:21 - bot_service.connection_manager - INFO - Verification successful for channel yourchy by yourchy
2025-09-22 13:11:21 - bot_service.connection_manager - INFO - Saved verification to database for channel: yourchy
2025-09-22 13:11:21 - bot_service.bot - INFO - Channel yourchy verified by yourchy using key yourchy
2025-09-22 13:13:31 - bot_service - INFO - Bot instance already exists
2025-09-22 13:13:31 - bot_service - INFO - Bot already verified for channel: yourchy, requiring new verification for security
2025-09-22 13:17:28 - bot_service - INFO - 🛑 BOT_SERVICE ОСТАНОВЛЕН
2025-09-22 13:17:28 - bot_service - INFO - ⏰ Время: 2025-09-22 13:17:28
2025-09-22 13:17:39 - bot_service - INFO - === BOT SERVICE STARTED ===
2025-09-22 13:17:39 - bot_service - INFO - ==================================================
2025-09-22 13:17:39 - bot_service - INFO - СИСТЕМА ЗАПУЩЕНА - 2025-09-22 13:17:39
2025-09-22 13:17:39 - bot_service - INFO - ==================================================
2025-09-22 13:17:39 - bot_service - INFO - Python версия: 3.10.0 (tags/v3.10.0:b494f59, Oct  4 2021, 19:00:18) [MSC v.1929 64 bit (AMD64)]
2025-09-22 13:17:39 - bot_service - INFO - Платформа: Windows-10-10.0.26100-SP0
2025-09-22 13:17:39 - bot_service - INFO - Архитектура: ('64bit', 'WindowsPE')
2025-09-22 13:17:39 - bot_service - INFO - Процессор: AMD64 Family 25 Model 33 Stepping 2, AuthenticAMD
2025-09-22 13:17:39 - bot_service - INFO - Рабочая директория: H:\Programming\raw_code\AI\Python\TTS_TTV_0.02\bot_service
2025-09-22 13:17:39 - bot_service - INFO - ==================================================
2025-09-22 13:17:39 - bot_service - INFO - 🚀 BOT_SERVICE ЗАПУЩЕН
2025-09-22 13:17:39 - bot_service - INFO - 🌐 Порт: 8000
2025-09-22 13:17:39 - bot_service - INFO - 📁 Логи: logs/bot_service.log
2025-09-22 13:17:39 - bot_service - INFO - ⏰ Время: 2025-09-22 13:17:39
2025-09-22 13:17:39 - bot_service.database - INFO - ✅ База данных успешно инициализирована.
2025-09-22 13:17:39 - bot_service - INFO - Loaded verification from database for channel: yourchy
2025-09-22 13:17:39 - bot_service - INFO - Loaded 1 verifications from database
2025-09-22 13:20:24 - bot_service - INFO - Creating new bot instance...
2025-09-22 13:20:24 - bot_service - INFO - Bot instance created, starting bot...
2025-09-22 13:20:25 - bot_service.bot - INFO - Bot logged in as payedviewer
2025-09-22 13:20:25 - bot_service.bot - INFO - Bot user id: 1317705797
2025-09-22 13:20:25 - bot_service.bot - INFO - Connected to channels: []
2025-09-22 13:20:26 - bot_service - INFO - Bot startup task created
2025-09-22 13:20:26 - bot_service - INFO - Bot already verified for channel: yourchy, requiring new verification for security
2025-09-22 13:21:41 - bot_service - INFO - Bot instance already exists
2025-09-22 13:21:41 - bot_service - INFO - Bot already verified for channel: yourchy, requiring new verification for security
2025-09-22 13:21:49 - bot_service.bot - INFO - Left channel: yourchy
2025-09-22 13:21:49 - bot_service - INFO - Cleared verification data for channel: yourchy
2025-09-22 13:21:49 - bot_service - ERROR - Failed to clear verification data from database: name 'db' is not defined
2025-09-22 13:22:01 - bot_service - INFO - 🛑 BOT_SERVICE ОСТАНОВЛЕН
2025-09-22 13:22:01 - bot_service - INFO - ⏰ Время: 2025-09-22 13:22:01
2025-09-22 13:22:03 - bot_service - INFO - === BOT SERVICE STARTED ===
2025-09-22 13:22:03 - bot_service - INFO - ==================================================
2025-09-22 13:22:03 - bot_service - INFO - СИСТЕМА ЗАПУЩЕНА - 2025-09-22 13:22:03
2025-09-22 13:22:03 - bot_service - INFO - ==================================================
2025-09-22 13:22:03 - bot_service - INFO - Python версия: 3.10.0 (tags/v3.10.0:b494f59, Oct  4 2021, 19:00:18) [MSC v.1929 64 bit (AMD64)]
2025-09-22 13:22:03 - bot_service - INFO - Платформа: Windows-10-10.0.26100-SP0
2025-09-22 13:22:03 - bot_service - INFO - Архитектура: ('64bit', 'WindowsPE')
2025-09-22 13:22:03 - bot_service - INFO - Процессор: AMD64 Family 25 Model 33 Stepping 2, AuthenticAMD
2025-09-22 13:22:03 - bot_service - INFO - Рабочая директория: H:\Programming\raw_code\AI\Python\TTS_TTV_0.02\bot_service
2025-09-22 13:22:03 - bot_service - INFO - ==================================================
2025-09-22 13:22:03 - bot_service - INFO - 🚀 BOT_SERVICE ЗАПУЩЕН
2025-09-22 13:22:03 - bot_service - INFO - 🌐 Порт: 8000
2025-09-22 13:22:03 - bot_service - INFO - 📁 Логи: logs/bot_service.log
2025-09-22 13:22:03 - bot_service - INFO - ⏰ Время: 2025-09-22 13:22:03
2025-09-22 13:22:03 - bot_service.database - INFO - ✅ База данных успешно инициализирована.
2025-09-22 13:22:03 - bot_service - INFO - Loaded verification from database for channel: yourchy
2025-09-22 13:22:03 - bot_service - INFO - Loaded 1 verifications from database
2025-09-22 13:22:44 - bot_service - INFO - Creating new bot instance...
2025-09-22 13:22:44 - bot_service - INFO - Bot instance created, starting bot...
2025-09-22 13:22:45 - bot_service.bot - INFO - Bot logged in as payedviewer
2025-09-22 13:22:45 - bot_service.bot - INFO - Bot user id: 1317705797
2025-09-22 13:22:45 - bot_service.bot - INFO - Connected to channels: []
2025-09-22 13:22:46 - bot_service - INFO - Bot startup task created
2025-09-22 13:22:46 - bot_service - INFO - Bot already verified for channel: yourchy, requiring new verification for security
2025-09-22 13:23:07 - bot_service.bot - INFO - Left channel: yourchy
2025-09-22 13:23:07 - bot_service - INFO - Cleared verification data for channel: yourchy
2025-09-22 13:23:07 - bot_service - ERROR - Failed to clear verification data from database: name 'db' is not defined
2025-09-22 13:23:12 - bot_service - INFO - Bot instance already exists
2025-09-22 13:23:12 - bot_service - INFO - Attempting to join channel: yourchy
2025-09-22 13:23:12 - bot_service.bot - INFO - Joined channel: yourchy
2025-09-22 13:23:12 - bot_service - INFO - Successfully connected to channel: yourchy, verification code: l9bTeJ9vumA
2025-09-22 13:23:13 - bot_service.bot - INFO - Joined channel: yourchy
2025-09-22 13:23:27 - bot_service.connection_manager - WARNING - Verification attempt from non-owner: ttsbottester for channel yourchy
2025-09-22 13:23:27 - bot_service.bot - WARNING - Verification failed for channel yourchy by ttsbottester using key yourchy, clearing verification data...
2025-09-22 13:23:41 - bot_service.connection_manager - WARNING - Verification attempt from non-owner: yourchy for channel yourchy_new
2025-09-22 13:23:41 - bot_service.bot - WARNING - Verification failed for channel yourchy by yourchy using key yourchy_new, clearing verification data...
2025-09-22 13:24:13 - bot_service.bot - INFO - Left channel: yourchy
2025-09-22 13:24:13 - bot_service - ERROR - Failed to clear verification data from database: name 'db' is not defined
2025-09-22 13:24:13 - bot_service.bot - INFO - Left channel: yourchy
2025-09-22 13:24:13 - bot_service - ERROR - Failed to clear verification data from database: name 'db' is not defined
2025-09-22 13:25:25 - bot_service - INFO - 🛑 BOT_SERVICE ОСТАНОВЛЕН
2025-09-22 13:25:25 - bot_service - INFO - ⏰ Время: 2025-09-22 13:25:25
2025-09-22 13:27:07 - bot_service - INFO - === BOT SERVICE STARTED ===
2025-09-22 13:27:08 - bot_service - INFO - ==================================================
2025-09-22 13:27:08 - bot_service - INFO - СИСТЕМА ЗАПУЩЕНА - 2025-09-22 13:27:08
2025-09-22 13:27:08 - bot_service - INFO - ==================================================
2025-09-22 13:27:08 - bot_service - INFO - Python версия: 3.10.0 (tags/v3.10.0:b494f59, Oct  4 2021, 19:00:18) [MSC v.1929 64 bit (AMD64)]
2025-09-22 13:27:08 - bot_service - INFO - Платформа: Windows-10-10.0.26100-SP0
2025-09-22 13:27:08 - bot_service - INFO - Архитектура: ('64bit', 'WindowsPE')
2025-09-22 13:27:08 - bot_service - INFO - Процессор: AMD64 Family 25 Model 33 Stepping 2, AuthenticAMD
2025-09-22 13:27:08 - bot_service - INFO - Рабочая директория: H:\Programming\raw_code\AI\Python\TTS_TTV_0.02\bot_service
2025-09-22 13:27:08 - bot_service - INFO - ==================================================
2025-09-22 13:27:08 - bot_service - INFO - 🚀 BOT_SERVICE ЗАПУЩЕН
2025-09-22 13:27:08 - bot_service - INFO - 🌐 Порт: 8000
2025-09-22 13:27:08 - bot_service - INFO - 📁 Логи: logs/bot_service.log
2025-09-22 13:27:08 - bot_service - INFO - ⏰ Время: 2025-09-22 13:27:08
2025-09-22 13:27:08 - bot_service.database - INFO - ✅ База данных успешно инициализирована.
2025-09-22 13:27:08 - bot_service - INFO - Loaded verification from database for channel: yourchy
2025-09-22 13:27:08 - bot_service - INFO - Loaded 1 verifications from database
2025-09-22 13:27:56 - bot_service - INFO - Creating new bot instance...
2025-09-22 13:27:56 - bot_service - INFO - Bot instance created, starting bot...
2025-09-22 13:27:58 - bot_service.bot - INFO - Bot logged in as payedviewer
2025-09-22 13:27:58 - bot_service.bot - INFO - Bot user id: 1317705797
2025-09-22 13:27:58 - bot_service.bot - INFO - Connected to channels: []
2025-09-22 13:27:58 - bot_service - INFO - Bot startup task created
2025-09-22 13:27:58 - bot_service - INFO - Bot already verified for channel: yourchy, requiring new verification for security
2025-09-22 13:28:23 - bot_service.bot - INFO - Left channel: yourchy
2025-09-22 13:28:23 - bot_service - INFO - Cleared verification data for channel: yourchy
2025-09-22 13:28:23 - bot_service - ERROR - Failed to clear verification data from database: name 'db' is not defined
2025-09-22 13:28:29 - bot_service - INFO - Bot instance already exists
2025-09-22 13:28:29 - bot_service - INFO - Attempting to join channel: yourchy
2025-09-22 13:28:29 - bot_service.bot - INFO - Joined channel: yourchy
2025-09-22 13:28:29 - bot_service - INFO - Successfully connected to channel: yourchy, verification code: GJ9mkH37wgk
2025-09-22 13:28:29 - bot_service.bot - INFO - Joined channel: yourchy
2025-09-22 13:28:49 - bot_service.connection_manager - INFO - Verification successful for channel yourchy by yourchy
2025-09-22 13:28:49 - bot_service.connection_manager - INFO - Saved verification to database for channel: yourchy
2025-09-22 13:28:49 - bot_service.bot - INFO - Channel yourchy verified by yourchy using key yourchy
2025-09-22 13:31:42 - bot_service - INFO - Bot instance already exists
2025-09-22 13:31:42 - bot_service - INFO - Bot already verified for channel: yourchy, requiring new verification for security
2025-09-22 13:34:06 - bot_service - INFO - 🛑 BOT_SERVICE ОСТАНОВЛЕН
2025-09-22 13:34:06 - bot_service - INFO - ⏰ Время: 2025-09-22 13:34:06
2025-09-22 13:37:35 - bot_service - INFO - === BOT SERVICE STARTED ===
2025-09-22 13:37:35 - bot_service - INFO - ==================================================
2025-09-22 13:37:35 - bot_service - INFO - СИСТЕМА ЗАПУЩЕНА - 2025-09-22 13:37:35
2025-09-22 13:37:35 - bot_service - INFO - ==================================================
2025-09-22 13:37:35 - bot_service - INFO - Python версия: 3.10.0 (tags/v3.10.0:b494f59, Oct  4 2021, 19:00:18) [MSC v.1929 64 bit (AMD64)]
2025-09-22 13:37:35 - bot_service - INFO - Платформа: Windows-10-10.0.26100-SP0
2025-09-22 13:37:35 - bot_service - INFO - Архитектура: ('64bit', 'WindowsPE')
2025-09-22 13:37:35 - bot_service - INFO - Процессор: AMD64 Family 25 Model 33 Stepping 2, AuthenticAMD
2025-09-22 13:37:35 - bot_service - INFO - Рабочая директория: H:\Programming\raw_code\AI\Python\TTS_TTV_0.02\bot_service
2025-09-22 13:37:35 - bot_service - INFO - ==================================================
2025-09-22 13:37:35 - bot_service - INFO - 🚀 BOT_SERVICE ЗАПУЩЕН
2025-09-22 13:37:35 - bot_service - INFO - 🌐 Порт: 8000
2025-09-22 13:37:35 - bot_service - INFO - 📁 Логи: logs/bot_service.log
2025-09-22 13:37:35 - bot_service - INFO - ⏰ Время: 2025-09-22 13:37:35
2025-09-22 13:37:35 - bot_service.database - INFO - ✅ База данных успешно инициализирована.
2025-09-22 13:37:35 - bot_service - INFO - Loaded verification from database for channel: yourchy
2025-09-22 13:37:35 - bot_service - INFO - Loaded 1 verifications from database
2025-09-22 13:38:18 - bot_service - INFO - Creating new bot instance...
2025-09-22 13:38:18 - bot_service - INFO - Bot instance created, starting bot...
2025-09-22 13:38:20 - bot_service.bot - INFO - Bot logged in as payedviewer
2025-09-22 13:38:20 - bot_service.bot - INFO - Bot user id: 1317705797
2025-09-22 13:38:20 - bot_service.bot - INFO - Connected to channels: []
2025-09-22 13:38:20 - bot_service - INFO - Bot startup task created
2025-09-22 13:38:20 - bot_service - INFO - Bot already verified for channel: yourchy, requiring new verification for security
2025-09-22 13:42:19 - bot_service - INFO - === BOT SERVICE STARTED ===
2025-09-22 13:43:49 - bot_service - INFO - === BOT SERVICE STARTED ===
2025-09-22 13:43:49 - bot_service - INFO - ==================================================
2025-09-22 13:43:49 - bot_service - INFO - СИСТЕМА ЗАПУЩЕНА - 2025-09-22 13:43:49
2025-09-22 13:43:49 - bot_service - INFO - ==================================================
2025-09-22 13:43:49 - bot_service - INFO - Python версия: 3.10.0 (tags/v3.10.0:b494f59, Oct  4 2021, 19:00:18) [MSC v.1929 64 bit (AMD64)]
2025-09-22 13:43:49 - bot_service - INFO - Платформа: Windows-10-10.0.26100-SP0
2025-09-22 13:43:49 - bot_service - INFO - Архитектура: ('64bit', 'WindowsPE')
2025-09-22 13:43:49 - bot_service - INFO - Процессор: AMD64 Family 25 Model 33 Stepping 2, AuthenticAMD
2025-09-22 13:43:49 - bot_service - INFO - Рабочая директория: H:\Programming\raw_code\AI\Python\TTS_TTV_0.02\bot_service
2025-09-22 13:43:49 - bot_service - INFO - ==================================================
2025-09-22 13:43:49 - bot_service - INFO - 🚀 BOT_SERVICE ЗАПУЩЕН
2025-09-22 13:43:49 - bot_service - INFO - 🌐 Порт: 8000
2025-09-22 13:43:49 - bot_service - INFO - 📁 Логи: logs/bot_service.log
2025-09-22 13:43:49 - bot_service - INFO - ⏰ Время: 2025-09-22 13:43:49
2025-09-22 13:43:49 - bot_service.database - INFO - ✅ База данных успешно инициализирована.
2025-09-22 13:43:49 - bot_service - INFO - Loaded 0 verifications from database
2025-09-22 13:45:12 - bot_service - INFO - 🛑 BOT_SERVICE ОСТАНОВЛЕН
2025-09-22 13:45:12 - bot_service - INFO - ⏰ Время: 2025-09-22 13:45:12
2025-09-22 13:45:15 - bot_service - INFO - === BOT SERVICE STARTED ===
2025-09-22 13:45:15 - bot_service - INFO - ==================================================
2025-09-22 13:45:15 - bot_service - INFO - СИСТЕМА ЗАПУЩЕНА - 2025-09-22 13:45:15
2025-09-22 13:45:15 - bot_service - INFO - ==================================================
2025-09-22 13:45:15 - bot_service - INFO - Python версия: 3.10.0 (tags/v3.10.0:b494f59, Oct  4 2021, 19:00:18) [MSC v.1929 64 bit (AMD64)]
2025-09-22 13:45:15 - bot_service - INFO - Платформа: Windows-10-10.0.26100-SP0
2025-09-22 13:45:15 - bot_service - INFO - Архитектура: ('64bit', 'WindowsPE')
2025-09-22 13:45:15 - bot_service - INFO - Процессор: AMD64 Family 25 Model 33 Stepping 2, AuthenticAMD
2025-09-22 13:45:15 - bot_service - INFO - Рабочая директория: H:\Programming\raw_code\AI\Python\TTS_TTV_0.02\bot_service
2025-09-22 13:45:15 - bot_service - INFO - ==================================================
2025-09-22 13:45:15 - bot_service - INFO - 🚀 BOT_SERVICE ЗАПУЩЕН
2025-09-22 13:45:15 - bot_service - INFO - 🌐 Порт: 8000
2025-09-22 13:45:15 - bot_service - INFO - 📁 Логи: logs/bot_service.log
2025-09-22 13:45:15 - bot_service - INFO - ⏰ Время: 2025-09-22 13:45:15
2025-09-22 13:45:15 - bot_service.database - INFO - ✅ База данных успешно инициализирована.
2025-09-22 13:45:15 - bot_service - INFO - Loaded 0 verifications from database
2025-09-22 13:45:25 - bot_service - INFO - Creating new bot instance...
2025-09-22 13:45:25 - bot_service - INFO - Bot instance created, starting bot...
2025-09-22 13:45:27 - bot_service.bot - INFO - Bot logged in as payedviewer
2025-09-22 13:45:27 - bot_service.bot - INFO - Bot user id: 1317705797
2025-09-22 13:45:27 - bot_service.bot - INFO - Connected to channels: []
2025-09-22 13:45:27 - bot_service - INFO - Bot startup task created
2025-09-22 13:45:27 - bot_service - INFO - Attempting to join channel: testchannel
2025-09-22 13:45:27 - bot_service.bot - INFO - Joined channel: testchannel
2025-09-22 13:45:27 - bot_service - INFO - Successfully connected to channel: testchannel, verification code: j6GqMzb70Qg
2025-09-22 13:45:27 - bot_service.bot - INFO - Joined channel: testchannel
2025-09-22 13:45:33 - bot_service - INFO - Guest status check for testchannel: connected=True, verified=False, pending_verifications=['testchannel']
2025-09-22 13:45:49 - bot_service.bot - INFO - Left channel: testchannel
2025-09-22 13:45:49 - bot_service - INFO - Cleared verification data for channel: testchannel
2025-09-22 13:45:49 - bot_service - ERROR - Failed to clear verification data from database: name 'db' is not defined
2025-09-22 13:45:54 - bot_service - INFO - Guest status check for testchannel: connected=False, verified=False, pending_verifications=[]
2025-09-22 13:46:25 - bot_service - INFO - Bot instance already exists
2025-09-22 13:46:25 - bot_service - INFO - Attempting to join channel: securitytest
2025-09-22 13:46:25 - bot_service.bot - INFO - Joined channel: securitytest
2025-09-22 13:46:25 - bot_service - INFO - Successfully connected to channel: securitytest, verification code: JpRHlaIPhB0
2025-09-22 13:46:35 - bot_service - INFO - Guest status check for securitytest: connected=False, verified=False, pending_verifications=['securitytest']
2025-09-22 13:46:43 - bot_service - INFO - Bot instance already exists
2025-09-22 13:46:43 - bot_service - INFO - Bot already connected to channel: securitytest, generating new verification code
2025-09-22 13:46:58 - bot_service - INFO - Guest status check for securitytest: connected=False, verified=False, pending_verifications=['securitytest']
2025-09-22 13:49:20 - bot_service - INFO - 🛑 BOT_SERVICE ОСТАНОВЛЕН
2025-09-22 13:49:20 - bot_service - INFO - ⏰ Время: 2025-09-22 13:49:20
2025-09-22 13:49:22 - bot_service - INFO - === BOT SERVICE STARTED ===
2025-09-22 13:49:23 - bot_service - INFO - ==================================================
2025-09-22 13:49:23 - bot_service - INFO - СИСТЕМА ЗАПУЩЕНА - 2025-09-22 13:49:23
2025-09-22 13:49:23 - bot_service - INFO - ==================================================
2025-09-22 13:49:23 - bot_service - INFO - Python версия: 3.10.0 (tags/v3.10.0:b494f59, Oct  4 2021, 19:00:18) [MSC v.1929 64 bit (AMD64)]
2025-09-22 13:49:23 - bot_service - INFO - Платформа: Windows-10-10.0.26100-SP0
2025-09-22 13:49:23 - bot_service - INFO - Архитектура: ('64bit', 'WindowsPE')
2025-09-22 13:49:23 - bot_service - INFO - Процессор: AMD64 Family 25 Model 33 Stepping 2, AuthenticAMD
2025-09-22 13:49:23 - bot_service - INFO - Рабочая директория: H:\Programming\raw_code\AI\Python\TTS_TTV_0.02\bot_service
2025-09-22 13:49:23 - bot_service - INFO - ==================================================
2025-09-22 13:49:23 - bot_service - INFO - 🚀 BOT_SERVICE ЗАПУЩЕН
2025-09-22 13:49:23 - bot_service - INFO - 🌐 Порт: 8000
2025-09-22 13:49:23 - bot_service - INFO - 📁 Логи: logs/bot_service.log
2025-09-22 13:49:23 - bot_service - INFO - ⏰ Время: 2025-09-22 13:49:23
2025-09-22 13:49:23 - bot_service.database - INFO - ✅ База данных успешно инициализирована.
2025-09-22 13:49:23 - bot_service - INFO - Loaded 0 verifications from database
2025-09-22 13:49:27 - bot_service - INFO - Creating new bot instance...
2025-09-22 13:49:27 - bot_service - INFO - Bot instance created, starting bot...
2025-09-22 13:49:29 - bot_service.bot - INFO - Bot logged in as payedviewer
2025-09-22 13:49:29 - bot_service.bot - INFO - Bot user id: 1317705797
2025-09-22 13:49:29 - bot_service.bot - INFO - Connected to channels: []
2025-09-22 13:49:29 - bot_service - INFO - Bot startup task created
2025-09-22 13:49:29 - bot_service - INFO - Attempting to join channel: testfix
2025-09-22 13:49:29 - bot_service.bot - INFO - Joined channel: testfix
2025-09-22 13:49:29 - bot_service - INFO - Successfully connected to channel: testfix, verification code: FYtUk4i3_h0
2025-09-22 13:49:29 - bot_service.bot - INFO - Joined channel: testfix
2025-09-22 13:49:42 - bot_service.bot - INFO - Left channel: testfix
2025-09-22 13:49:42 - bot_service - INFO - Cleared verification data for channel: testfix
2025-09-22 13:50:20 - bot_service - INFO - Bot instance already exists
2025-09-22 13:50:20 - bot_service - INFO - Attempting to join channel: yourchy
2025-09-22 13:50:20 - bot_service.bot - INFO - Joined channel: yourchy
2025-09-22 13:50:20 - bot_service - INFO - Successfully connected to channel: yourchy, verification code: QZhc_FWT0fE
2025-09-22 13:50:21 - bot_service.bot - INFO - Joined channel: yourchy
2025-09-22 13:50:23 - bot_service - INFO - Guest status check for yourchy: connected=True, verified=False, pending_verifications=['yourchy']
2025-09-22 13:50:27 - bot_service - INFO - Guest status check for yourchy: connected=True, verified=False, pending_verifications=['yourchy']
2025-09-22 13:50:30 - bot_service - INFO - Guest status check for yourchy: connected=True, verified=False, pending_verifications=['yourchy']
2025-09-22 13:50:32 - bot_service - INFO - Guest status check for yourchy: connected=True, verified=False, pending_verifications=['yourchy']
2025-09-22 13:50:35 - bot_service.connection_manager - INFO - Verification successful for channel yourchy by yourchy
2025-09-22 13:50:35 - bot_service.connection_manager - INFO - Saved verification to database for channel: yourchy
2025-09-22 13:50:35 - bot_service.bot - INFO - Channel yourchy verified by yourchy using key yourchy
2025-09-22 13:50:36 - bot_service - INFO - Guest status check for yourchy: connected=True, verified=True, pending_verifications=['yourchy']
2025-09-22 13:50:36 - bot_service - INFO - Guest status check for yourchy: connected=True, verified=True, pending_verifications=['yourchy']
2025-09-22 13:50:36 - bot_service - INFO - Guest status check for yourchy: connected=True, verified=True, pending_verifications=['yourchy']
2025-09-22 13:50:45 - bot_service - INFO - Guest status check for yourchy: connected=True, verified=True, pending_verifications=['yourchy']
2025-09-22 13:50:45 - bot_service - INFO - Guest status check for yourchy: connected=True, verified=True, pending_verifications=['yourchy']
2025-09-22 13:51:20 - bot_service - INFO - Guest status check for yourchy: connected=True, verified=True, pending_verifications=['yourchy']
2025-09-22 13:51:20 - bot_service - INFO - Guest status check for yourchy: connected=True, verified=True, pending_verifications=['yourchy']
2025-09-22 13:51:35 - bot_service - INFO - Bot instance already exists
2025-09-22 13:51:35 - bot_service - INFO - Bot already verified for channel: yourchy, requiring new verification for security
2025-09-22 13:51:39 - bot_service - INFO - Guest status check for yourchy: connected=True, verified=True, pending_verifications=['yourchy', 'yourchy_new']
2025-09-22 13:51:39 - bot_service - INFO - Guest status check for yourchy: connected=True, verified=True, pending_verifications=['yourchy', 'yourchy_new']
2025-09-22 13:51:39 - bot_service - INFO - Guest status check for yourchy: connected=True, verified=True, pending_verifications=['yourchy', 'yourchy_new']
2025-09-22 13:53:03 - bot_service - INFO - 🛑 BOT_SERVICE ОСТАНОВЛЕН
2025-09-22 13:53:03 - bot_service - INFO - ⏰ Время: 2025-09-22 13:53:03
